day,year,mo,da,crime_date,temp,dewp,slp,visib,wdsp,mxpsd,gust,max,min,prcp,sndp,fog,NUM_CRIMES
3,2020,01,01,2020-01-01,30.6,25.2,9999.9,999.9,17.9,25.1,999.9,41.5,25.3,0.0,999.9,0,960
4,2020,01,02,2020-01-02,42.9,33.0,9999.9,999.9,22.9,31.1,999.9,48.0,38.7,0.0,999.9,0,636
5,2020,01,03,2020-01-03,40.1,36.3,9999.9,999.9,10.4,17.1,999.9,47.5,34.3,0.0,999.9,0,697
6,2020,01,04,2020-01-04,33.0,28.1,9999.9,999.9,13.1,19,999.9,34.7,31.3,0.0,999.9,0,638
7,2020,01,05,2020-01-05,32.2,26.3,9999.9,999.9,18.9,28,999.9,43.0,26.1,0.0,999.9,0,623
1,2020,01,06,2020-01-06,35.8,24.5,9999.9,999.9,16.8,27,999.9,42.4,30.7,0.0,999.9,0,691
2,2020,01,07,2020-01-07,37.1,18.5,9999.9,999.9,14.8,21,999.9,39.0,35.8,0.0,999.9,0,628
3,2020,01,08,2020-01-08,23.5,10.5,9999.9,999.9,15.9,27,999.9,34.9,16.3,0.0,999.9,0,647
4,2020,01,09,2020-01-09,33.6,24.6,9999.9,999.9,24,33,999.9,49.1,21.6,0.0,999.9,0,632
5,2020,01,10,2020-01-10,45.1,43.5,9999.9,999.9,18,35.9,999.9,50.2,37.0,0.0,999.9,0,624
6,2020,01,11,2020-01-11,35.8,35.7,9999.9,999.9,23.1,32.1,999.9,37.6,32.0,0.0,999.9,0,560
7,2020,01,12,2020-01-12,28.1,26.5,9999.9,999.9,12.6,32.1,999.9,31.5,25.7,0.0,999.9,0,575
1,2020,01,13,2020-01-13,32.5,30.2,9999.9,999.9,12.4,21,999.9,33.6,31.1,0.0,999.9,0,650
2,2020,01,14,2020-01-14,36.6,34.2,9999.9,999.9,13.5,20,999.9,41.0,32.9,0.0,999.9,0,662
3,2020,01,15,2020-01-15,34.4,33.4,9999.9,999.9,8.2,13,999.9,37.6,32.4,0.0,999.9,0,653
4,2020,01,16,2020-01-16,26.7,19.5,9999.9,999.9,16.7,22,999.9,37.0,18.5,0.0,999.9,0,675
5,2020,01,17,2020-01-17,23.6,16.7,9999.9,999.9,13.1,19,999.9,28.2,19.2,0.0,999.9,0,581
6,2020,01,18,2020-01-18,31.3,30.3,9999.9,999.9,22.6,34,999.9,36.9,19.6,0.0,999.9,0,561
7,2020,01,19,2020-01-19,10.8,5.6,9999.9,999.9,24.6,36.9,999.9,21.4,4.5,0.0,999.9,0,503
1,2020,01,20,2020-01-20,24.8,20.5,9999.9,999.9,13.4,18.1,999.9,29.1,20.8,0.0,999.9,0,620
2,2020,01,21,2020-01-21,25.5,18.4,9999.9,999.9,10.1,14,999.9,30.4,21.9,0.0,999.9,0,584
3,2020,01,22,2020-01-22,28.7,22.7,9999.9,999.9,19.7,24.1,999.9,34.7,25.9,0.0,999.9,0,633
4,2020,01,23,2020-01-23,32.2,28.9,9999.9,999.9,14.9,20,999.9,34.0,30.0,0.0,999.9,0,592
5,2020,01,24,2020-01-24,35.2,35.0,9999.9,999.9,7.9,15,999.9,35.8,32.7,0.0,999.9,0,657
6,2020,01,25,2020-01-25,34.7,34.6,9999.9,999.9,11,15,999.9,36.9,33.6,0.0,999.9,0,663
7,2020,01,26,2020-01-26,33.3,32.2,9999.9,999.9,12.9,18.1,999.9,34.5,31.3,0.0,999.9,0,606
1,2020,01,27,2020-01-27,30.8,30.1,9999.9,999.9,9,11.1,999.9,33.8,28.9,0.0,999.9,0,697
2,2020,01,28,2020-01-28,32.7,29.4,9999.9,999.9,7.6,12,999.9,34.0,31.3,0.0,999.9,0,681
3,2020,01,29,2020-01-29,31.3,27.2,9999.9,999.9,6.8,12,999.9,31.8,30.6,0.0,999.9,0,620
4,2020,01,30,2020-01-30,31.9,29.5,9999.9,999.9,5.3,8.9,999.9,33.4,30.9,0.0,999.9,0,619
5,2020,01,31,2020-01-31,32.8,30.6,9999.9,999.9,8.3,12,999.9,35.2,30.9,0.0,999.9,0,709
6,2020,02,01,2020-02-01,35.0,32.9,9999.9,999.9,13.7,22.9,999.9,37.8,32.5,0.0,999.9,0,810
7,2020,02,02,2020-02-02,42.0,33.3,9999.9,999.9,23.7,31.1,999.9,51.4,34.9,0.0,999.9,0,666
1,2020,02,03,2020-02-03,39.8,34.9,9999.9,999.9,10.1,25.1,999.9,47.8,35.1,0.0,999.9,0,745
2,2020,02,04,2020-02-04,35.4,32.9,9999.9,999.9,22.4,28,999.9,37.2,31.8,0.0,999.9,0,648
3,2020,02,05,2020-02-05,29.7,21.6,9999.9,999.9,17.3,26,999.9,31.6,27.5,0.0,999.9,0,633
4,2020,02,06,2020-02-06,28.4,26.1,9999.9,999.9,17.8,22,999.9,29.8,27.5,0.0,999.9,0,555
5,2020,02,07,2020-02-07,31.1,21.1,9999.9,999.9,13.2,21,999.9,35.8,27.9,0.0,999.9,0,694
6,2020,02,08,2020-02-08,32.1,21.9,9999.9,999.9,9,17.1,999.9,34.7,30.0,0.0,999.9,0,625
7,2020,02,09,2020-02-09,30.8,26.6,9999.9,999.9,16.6,25.1,999.9,36.5,26.4,0.0,999.9,0,564
1,2020,02,10,2020-02-10,30.9,29.8,9999.9,999.9,13.1,22,999.9,37.2,27.1,0.0,999.9,0,630
2,2020,02,11,2020-02-11,31.4,25.0,9999.9,999.9,12.6,24.1,999.9,32.7,29.3,0.0,999.9,0,643
3,2020,02,12,2020-02-12,30.3,23.0,9999.9,999.9,12.5,17.1,999.9,35.8,27.0,0.0,999.9,0,628
4,2020,02,13,2020-02-13,24.4,22.7,9999.9,999.9,16.3,32.1,999.9,32.5,12.2,0.0,999.9,0,548
5,2020,02,14,2020-02-14,8.5,-3.2,9999.9,999.9,12.2,19,999.9,14.7,2.5,0.0,999.9,0,586
6,2020,02,15,2020-02-15,19.4,11.7,9999.9,999.9,23.9,32.1,999.9,33.1,9.9,0.0,999.9,0,596
7,2020,02,16,2020-02-16,30.6,26.1,9999.9,999.9,11.1,26,999.9,33.8,27.3,0.0,999.9,0,619
1,2020,02,17,2020-02-17,33.2,31.2,9999.9,999.9,11.2,22.9,999.9,35.4,31.6,0.0,999.9,0,601
2,2020,02,18,2020-02-18,36.0,31.6,9999.9,999.9,18.1,28,999.9,39.4,34.0,0.0,999.9,0,668
3,2020,02,19,2020-02-19,24.2,12.0,9999.9,999.9,12.6,21,999.9,34.9,17.6,0.0,999.9,0,581
4,2020,02,20,2020-02-20,18.3,2.6,9999.9,999.9,13.2,19,999.9,26.1,12.2,0.0,999.9,0,603
5,2020,02,21,2020-02-21,22.1,3.7,9999.9,999.9,13.9,22,999.9,35.8,15.4,0.0,999.9,0,657
6,2020,02,22,2020-02-22,35.6,20.2,9999.9,999.9,18.1,28,999.9,49.1,29.5,0.0,999.9,0,685
7,2020,02,23,2020-02-23,42.5,27.9,9999.9,999.9,16.9,24.1,999.9,54.7,35.8,0.0,999.9,0,660
1,2020,02,24,2020-02-24,41.4,32.6,9999.9,999.9,11,17.1,999.9,53.4,34.3,0.0,999.9,0,601
2,2020,02,25,2020-02-25,35.7,34.4,9999.9,999.9,18.9,26,999.9,36.9,34.2,0.0,999.9,0,517
3,2020,02,26,2020-02-26,30.8,29.4,9999.9,999.9,25.2,32.1,999.9,32.7,28.8,0.0,999.9,0,602
4,2020,02,27,2020-02-27,27.1,14.1,9999.9,999.9,17.1,26,999.9,29.7,25.9,0.0,999.9,0,565
5,2020,02,28,2020-02-28,24.1,7.6,9999.9,999.9,13.5,17.1,999.9,28.8,19.8,0.0,999.9,0,658
6,2020,02,29,2020-02-29,25.9,4.8,9999.9,999.9,13.5,20,999.9,35.1,20.1,0.0,999.9,0,588
7,2020,03,01,2020-03-01,38.8,28.3,9999.9,999.9,20.5,29.9,999.9,55.4,31.3,0.0,999.9,0,746
1,2020,03,02,2020-03-02,43.8,36.5,9999.9,999.9,12.7,26,999.9,55.2,35.8,0.0,999.9,0,603
2,2020,03,03,2020-03-03,38.4,32.1,9999.9,999.9,12.5,27,999.9,46.8,33.3,0.0,999.9,0,637
3,2020,03,04,2020-03-04,40.1,30.0,9999.9,999.9,12.4,22.9,999.9,44.4,36.7,0.0,999.9,0,624
4,2020,03,05,2020-03-05,42.1,28.3,9999.9,999.9,15.8,32.1,999.9,50.0,36.1,0.0,999.9,0,589
5,2020,03,06,2020-03-06,35.0,28.5,9999.9,999.9,25.2,33,999.9,46.2,31.5,0.0,999.9,0,707
6,2020,03,07,2020-03-07,34.6,25.2,9999.9,999.9,11.8,22,999.9,47.8,29.7,0.0,999.9,0,589
7,2020,03,08,2020-03-08,48.2,25.6,9999.9,999.9,25.6,32.1,999.9,61.5,42.1,0.0,999.9,0,639
1,2020,03,09,2020-03-09,53.6,38.6,9999.9,999.9,26.8,35.9,999.9,57.9,48.4,0.0,999.9,0,572
2,2020,03,10,2020-03-10,40.4,39.5,9999.9,999.9,16.9,26,999.9,53.2,33.3,0.0,999.9,0,565
3,2020,03,11,2020-03-11,37.2,35.3,9999.9,999.9,7.2,11.1,999.9,42.4,33.1,0.0,999.9,0,591
4,2020,03,12,2020-03-12,41.8,40.1,9999.9,999.9,12,18.1,999.9,53.1,37.2,0.0,999.9,0,633
5,2020,03,13,2020-03-13,44.0,31.6,9999.9,999.9,18,24.1,999.9,55.2,35.4,0.0,999.9,0,676
6,2020,03,14,2020-03-14,36.0,29.1,9999.9,999.9,11.6,21,999.9,41.4,33.6,0.0,999.9,0,618
7,2020,03,15,2020-03-15,34.1,28.9,9999.9,999.9,14.3,22,999.9,34.9,32.7,0.0,999.9,0,592
1,2020,03,16,2020-03-16,35.9,32.9,9999.9,999.9,8.1,15.9,999.9,40.1,34.2,0.0,999.9,0,531
2,2020,03,17,2020-03-17,38.1,32.3,9999.9,999.9,11.8,15.9,999.9,40.1,35.8,0.0,999.9,0,576
3,2020,03,18,2020-03-18,37.9,33.7,9999.9,999.9,9.1,15,999.9,40.6,36.1,0.0,999.9,0,530
4,2020,03,19,2020-03-19,39.6,39.6,9999.9,999.9,9.9,15,999.9,43.7,37.8,0.0,999.9,0,473
5,2020,03,20,2020-03-20,46.1,44.0,9999.9,999.9,20.8,26,999.9,63.5,33.4,0.0,999.9,0,499
6,2020,03,21,2020-03-21,29.2,21.0,9999.9,999.9,16.2,25.1,999.9,33.3,27.0,0.0,999.9,0,439
7,2020,03,22,2020-03-22,30.7,23.6,9999.9,999.9,10.9,20,999.9,34.0,27.7,0.0,999.9,0,377
1,2020,03,23,2020-03-23,34.1,33.4,9999.9,999.9,8.1,15,999.9,37.4,32.0,0.0,999.9,0,395
2,2020,03,24,2020-03-24,36.4,35.7,9999.9,999.9,5.8,9.9,999.9,37.9,35.1,0.0,999.9,0,424
3,2020,03,25,2020-03-25,40.8,38.9,9999.9,999.9,8.9,15.9,999.9,53.4,36.7,0.0,999.9,0,438
4,2020,03,26,2020-03-26,45.7,43.5,9999.9,999.9,13,22,999.9,52.7,37.6,0.0,999.9,0,425
5,2020,03,27,2020-03-27,38.0,38.0,9999.9,999.9,11.9,19,999.9,42.3,35.8,0.0,999.9,0,426
6,2020,03,28,2020-03-28,41.9,41.9,9999.9,999.9,10.6,21,999.9,46.8,39.9,0.0,999.9,0,470
7,2020,03,29,2020-03-29,50.5,43.7,9999.9,999.9,24.3,39,999.9,63.3,41.4,0.0,999.9,0,502
1,2020,03,30,2020-03-30,43.1,36.3,9999.9,999.9,17.3,33,999.9,47.3,38.5,0.0,999.9,0,450
2,2020,03,31,2020-03-31,37.5,35.7,9999.9,999.9,11.3,15.9,999.9,38.7,36.5,0.0,999.9,0,388
3,2020,04,01,2020-04-01,37.7,37.5,9999.9,999.9,13.1,20,999.9,38.7,36.3,0.0,999.9,0,532
4,2020,04,02,2020-04-02,35.1,34.5,9999.9,999.9,3.8,11.1,999.9,43.2,31.8,0.0,999.9,0,376
5,2020,04,03,2020-04-03,43.4,38.6,9999.9,999.9,6.6,18.1,999.9,48.0,41.0,0.0,999.9,0,509
6,2020,04,04,2020-04-04,44.0,40.5,9999.9,999.9,11.1,15,999.9,59.9,37.2,0.0,999.9,0,449
7,2020,04,05,2020-04-05,37.9,35.6,9999.9,999.9,11,17.1,999.9,38.7,37.0,0.0,999.9,0,406
1,2020,04,06,2020-04-06,41.5,37.8,9999.9,999.9,7.4,19,999.9,53.4,37.6,0.0,999.9,0,451
2,2020,04,07,2020-04-07,58.9,53.8,9999.9,999.9,10.6,22.9,999.9,78.1,44.6,0.0,999.9,0,458
3,2020,04,08,2020-04-08,50.9,48.6,9999.9,999.9,8.9,20,999.9,77.9,42.6,0.0,999.9,0,444
4,2020,04,09,2020-04-09,44.7,31.6,9999.9,999.9,20.7,32.1,999.9,50.2,40.8,0.0,999.9,0,428
5,2020,04,10,2020-04-10,37.9,25.9,9999.9,999.9,15.7,22,999.9,40.5,35.1,0.0,999.9,0,427
6,2020,04,11,2020-04-11,45.4,34.4,9999.9,999.9,10.3,17.1,999.9,60.8,38.7,0.0,999.9,0,449
7,2020,04,12,2020-04-12,51.4,45.2,9999.9,999.9,13.6,21,999.9,61.2,46.0,0.0,999.9,0,385
1,2020,04,13,2020-04-13,43.4,35.8,9999.9,999.9,22.4,29.9,999.9,55.2,36.3,0.0,999.9,0,398
2,2020,04,14,2020-04-14,35.2,19.2,9999.9,999.9,18.8,24.1,999.9,41.4,30.6,0.0,999.9,0,368
3,2020,04,15,2020-04-15,32.3,21.3,9999.9,999.9,10.4,22,999.9,38.3,27.5,0.0,999.9,0,413
4,2020,04,16,2020-04-16,35.6,16.2,9999.9,999.9,12.1,18.1,999.9,43.9,30.6,0.0,999.9,0,405
5,2020,04,17,2020-04-17,37.5,28.3,9999.9,999.9,9.8,15,999.9,43.7,33.1,0.0,999.9,0,425
6,2020,04,18,2020-04-18,43.2,32.8,9999.9,999.9,16.8,29.9,999.9,55.4,37.0,0.0,999.9,0,464
7,2020,04,19,2020-04-19,48.9,36.6,9999.9,999.9,19.8,33,999.9,55.6,40.6,0.0,999.9,0,344
1,2020,04,20,2020-04-20,48.1,32.0,9999.9,999.9,8.4,26,999.9,61.0,41.0,0.0,999.9,0,503
2,2020,04,21,2020-04-21,45.0,24.3,9999.9,999.9,20.6,27,999.9,59.9,36.5,0.0,999.9,0,419
3,2020,04,22,2020-04-22,41.5,30.0,9999.9,999.9,12.6,21,999.9,45.9,37.9,0.0,999.9,0,432
4,2020,04,23,2020-04-23,44.5,43.2,9999.9,999.9,10,21,999.9,52.9,42.1,0.0,999.9,0,441
5,2020,04,24,2020-04-24,40.5,40.5,9999.9,999.9,13,17.1,999.9,42.1,39.6,0.0,999.9,0,440
6,2020,04,25,2020-04-25,41.8,40.6,9999.9,999.9,14.2,24.1,999.9,43.7,40.5,0.0,999.9,0,400
7,2020,04,26,2020-04-26,42.9,39.5,9999.9,999.9,16.3,22,999.9,45.9,41.4,0.0,999.9,0,423
1,2020,04,27,2020-04-27,52.5,35.8,9999.9,999.9,12.1,25.1,999.9,64.0,44.8,0.0,999.9,0,399
2,2020,04,28,2020-04-28,55.5,53.5,9999.9,999.9,12.7,21,999.9,69.1,49.5,0.0,999.9,0,465
3,2020,04,29,2020-04-29,52.5,52.3,9999.9,999.9,12,20,999.9,62.8,43.5,0.0,999.9,0,424
4,2020,04,30,2020-04-30,43.1,41.7,9999.9,999.9,26.5,35.9,999.9,45.1,40.5,0.0,999.9,0,425
5,2020,05,01,2020-05-01,48.0,38.0,9999.9,999.9,9.6,17.1,999.9,53.8,44.4,0.0,999.9,0,579
6,2020,05,02,2020-05-02,61.8,47.7,9999.9,999.9,15.2,21,999.9,74.8,48.9,0.0,999.9,0,493
7,2020,05,03,2020-05-03,65.3,43.2,9999.9,999.9,12.8,20,999.9,72.7,56.3,0.0,999.9,0,491
1,2020,05,04,2020-05-04,43.6,37.1,9999.9,999.9,18.1,29.9,999.9,66.0,38.7,0.0,999.9,0,438
2,2020,05,05,2020-05-05,42.5,39.4,9999.9,999.9,12.6,21,999.9,45.3,39.4,0.0,999.9,0,441
3,2020,05,06,2020-05-06,44.1,33.5,9999.9,999.9,12.5,18.1,999.9,49.8,42.1,0.0,999.9,0,463
4,2020,05,07,2020-05-07,51.9,36.8,9999.9,999.9,14.2,20,999.9,59.9,44.4,0.0,999.9,0,420
5,2020,05,08,2020-05-08,40.1,30.6,9999.9,999.9,16.8,28.9,999.9,45.5,35.4,0.0,999.9,0,445
6,2020,05,09,2020-05-09,41.6,21.8,9999.9,999.9,11.7,19,999.9,56.3,35.6,0.0,999.9,0,463
7,2020,05,10,2020-05-10,49.4,35.5,9999.9,999.9,18.6,31.1,999.9,57.9,37.6,0.0,999.9,0,473
1,2020,05,11,2020-05-11,40.3,34.3,9999.9,999.9,12.2,22.9,999.9,41.9,37.8,0.0,999.9,0,452
2,2020,05,12,2020-05-12,46.9,34.6,9999.9,999.9,12.4,17.1,999.9,53.2,43.5,0.0,999.9,0,455
3,2020,05,13,2020-05-13,47.4,37.4,9999.9,999.9,11.9,17.1,999.9,52.2,43.5,0.0,999.9,0,522
4,2020,05,14,2020-05-14,57.8,53.8,9999.9,999.9,14.6,20,999.9,70.3,52.2,0.0,999.9,0,468
5,2020,05,15,2020-05-15,63.5,62.7,9999.9,999.9,8.8,18.1,999.9,71.1,57.4,0.0,999.9,0,550
6,2020,05,16,2020-05-16,49.9,49.4,9999.9,999.9,10.2,15.9,999.9,61.5,46.0,0.0,999.9,0,577
7,2020,05,17,2020-05-17,52.5,52.2,9999.9,999.9,13.2,27,999.9,63.7,47.3,0.0,999.9,0,440
1,2020,05,18,2020-05-18,53.7,53.7,9999.9,999.9,7.8,18.1,999.9,63.0,47.5,0.0,999.9,0,501
2,2020,05,19,2020-05-19,49.1,49.1,9999.9,999.9,16.8,21,999.9,53.4,47.5,0.0,999.9,0,475
3,2020,05,20,2020-05-20,50.5,50.0,9999.9,999.9,13.1,20,999.9,52.5,48.9,0.0,999.9,0,539
4,2020,05,21,2020-05-21,51.8,48.9,9999.9,999.9,10.5,15,999.9,54.7,49.3,0.0,999.9,0,495
5,2020,05,22,2020-05-22,51.3,50.9,9999.9,999.9,4.5,9.9,999.9,54.1,49.5,0.0,999.9,0,537
6,2020,05,23,2020-05-23,54.1,53.3,9999.9,999.9,7.4,20,999.9,65.5,48.4,0.0,999.9,0,554
7,2020,05,24,2020-05-24,67.8,64.3,9999.9,999.9,12.2,28,999.9,76.1,59.9,0.0,999.9,0,566
1,2020,05,25,2020-05-25,72.2,66.4,9999.9,999.9,12.6,19,999.9,77.7,65.5,0.0,999.9,0,645
2,2020,05,26,2020-05-26,72.7,65.7,9999.9,999.9,9.7,21,999.9,79.3,63.7,0.0,999.9,0,579
3,2020,05,27,2020-05-27,73.5,67.2,9999.9,999.9,10,15.9,999.9,77.5,68.4,0.0,999.9,0,568
4,2020,05,28,2020-05-28,72.3,67.0,9999.9,999.9,11.5,20,999.9,80.4,66.6,0.0,999.9,0,552
5,2020,05,29,2020-05-29,61.6,58.5,9999.9,999.9,8.9,18.1,999.9,70.7,57.0,0.0,999.9,0,582
6,2020,05,30,2020-05-30,59.5,53.5,9999.9,999.9,9.2,13,999.9,63.3,57.2,0.0,999.9,0,924
7,2020,05,31,2020-05-31,54.2,44.6,9999.9,999.9,11.5,24.1,999.9,58.8,52.2,0.0,999.9,0,1899
1,2020,06,01,2020-06-01,62.1,48.7,9999.9,999.9,14,24.1,999.9,72.7,57.0,0.0,999.9,0,923
2,2020,06,02,2020-06-02,75.9,60.2,9999.9,999.9,21.5,28,999.9,91.6,68.7,0.0,999.9,0,678
3,2020,06,03,2020-06-03,74.0,64.6,9999.9,999.9,12.9,31.1,999.9,91.6,61.7,0.0,999.9,0,623
4,2020,06,04,2020-06-04,70.6,65.9,9999.9,999.9,8.4,12,999.9,75.2,64.8,0.0,999.9,0,529
5,2020,06,05,2020-06-05,71.4,67.5,9999.9,999.9,6,11.1,999.9,80.4,64.0,0.0,999.9,0,542
6,2020,06,06,2020-06-06,65.4,61.5,9999.9,999.9,9.6,15,999.9,72.7,59.5,0.0,999.9,0,529
7,2020,06,07,2020-06-07,60.1,57.0,9999.9,999.9,9.6,15,999.9,64.6,57.6,0.0,999.9,0,556
1,2020,06,08,2020-06-08,66.9,59.0,9999.9,999.9,9.1,15.9,999.9,72.0,61.7,0.0,999.9,0,525
2,2020,06,09,2020-06-09,72.0,63.9,9999.9,999.9,14.5,28,999.9,77.9,67.8,0.0,999.9,0,497
3,2020,06,10,2020-06-10,75.4,70.2,9999.9,999.9,20.7,31.1,999.9,80.2,68.7,0.0,999.9,0,500
4,2020,06,11,2020-06-11,68.0,52.9,9999.9,999.9,17.2,27,999.9,78.4,61.9,0.0,999.9,0,553
5,2020,06,12,2020-06-12,64.1,52.6,9999.9,999.9,9.8,21,999.9,79.7,53.6,0.0,999.9,0,606
6,2020,06,13,2020-06-13,54.9,50.4,9999.9,999.9,17.3,21,999.9,56.8,52.5,0.0,999.9,0,505
7,2020,06,14,2020-06-14,56.5,51.4,9999.9,999.9,13.4,18.1,999.9,58.3,54.7,0.0,999.9,0,538
1,2020,06,15,2020-06-15,58.2,53.8,9999.9,999.9,7.7,15.9,999.9,59.7,56.5,0.0,999.9,0,577
2,2020,06,16,2020-06-16,62.1,56.8,9999.9,999.9,7.2,17.1,999.9,69.8,58.1,0.0,999.9,0,553
3,2020,06,17,2020-06-17,67.8,59.0,9999.9,999.9,7.9,15.9,999.9,76.8,63.0,0.0,999.9,0,605
4,2020,06,18,2020-06-18,70.1,58.8,9999.9,999.9,9.6,17.1,999.9,74.1,66.9,0.0,999.9,0,601
5,2020,06,19,2020-06-19,71.7,62.9,9999.9,999.9,6.4,14,999.9,78.4,66.4,0.0,999.9,0,603
6,2020,06,20,2020-06-20,78.4,64.5,9999.9,999.9,9.6,22.9,999.9,85.8,71.6,0.0,999.9,0,655
7,2020,06,21,2020-06-21,71.8,67.7,9999.9,999.9,11.4,28.9,999.9,80.4,69.1,0.0,999.9,0,594
1,2020,06,22,2020-06-22,71.5,68.7,9999.9,999.9,10.9,21,999.9,77.0,68.9,0.0,999.9,0,673
2,2020,06,23,2020-06-23,67.4,61.6,9999.9,999.9,11.5,18.1,999.9,73.9,63.7,0.0,999.9,0,578
3,2020,06,24,2020-06-24,65.7,59.3,9999.9,999.9,8.1,24.1,999.9,73.8,62.1,0.0,999.9,0,580
4,2020,06,25,2020-06-25,68.3,60.3,9999.9,999.9,8.6,13,999.9,72.0,65.3,0.0,999.9,0,615
5,2020,06,26,2020-06-26,72.9,64.6,9999.9,999.9,10.1,17.1,999.9,78.3,69.4,0.0,999.9,0,558
6,2020,06,27,2020-06-27,75.6,72.0,9999.9,999.9,12.1,20,999.9,83.7,72.7,0.0,999.9,0,579
7,2020,06,28,2020-06-28,72.2,70.1,9999.9,999.9,7.8,15.9,999.9,80.2,67.3,0.0,999.9,0,625
1,2020,06,29,2020-06-29,74.0,71.0,9999.9,999.9,8,18.1,999.9,79.3,70.7,0.0,999.9,0,555
2,2020,06,30,2020-06-30,73.1,71.3,9999.9,999.9,9.4,19,999.9,78.3,70.2,0.0,999.9,0,570
3,2020,07,01,2020-07-01,73.3,70.3,9999.9,999.9,7.5,15,999.9,75.6,71.2,0.0,999.9,0,699
4,2020,07,02,2020-07-02,74.5,71.5,9999.9,999.9,6.2,14,999.9,79.5,72.0,0.0,999.9,0,639
5,2020,07,03,2020-07-03,75.4,70.0,9999.9,999.9,4.2,8,999.9,78.8,73.0,0.0,999.9,0,687
6,2020,07,04,2020-07-04,75.1,74.1,9999.9,999.9,6.7,11.1,999.9,78.8,73.4,0.0,999.9,0,744
7,2020,07,05,2020-07-05,76.3,73.3,9999.9,999.9,4.6,7,999.9,82.4,74.7,0.0,999.9,0,725
1,2020,07,06,2020-07-06,80.5,72.2,9999.9,999.9,7.2,13,999.9,82.9,77.9,0.0,999.9,0,634
2,2020,07,07,2020-07-07,82.5,73.1,9999.9,999.9,8.1,17.1,999.9,85.8,80.2,0.0,999.9,0,558
3,2020,07,08,2020-07-08,78.0,75.5,9999.9,999.9,6.8,22,999.9,81.7,75.2,0.0,999.9,0,555
4,2020,07,09,2020-07-09,81.3,74.6,9999.9,999.9,9.4,18.1,999.9,87.1,78.1,0.0,999.9,0,559
5,2020,07,10,2020-07-10,76.8,72.2,9999.9,999.9,12.7,22,999.9,86.4,71.2,0.0,999.9,0,671
6,2020,07,11,2020-07-11,78.4,66.1,9999.9,999.9,12.5,22,999.9,82.2,74.8,0.0,999.9,0,627
7,2020,07,12,2020-07-12,73.9,68.3,9999.9,999.9,11.4,22,999.9,79.9,70.2,0.0,999.9,0,598
1,2020,07,13,2020-07-13,71.4,63.7,9999.9,999.9,9,13,999.9,73.0,70.5,0.0,999.9,0,666
2,2020,07,14,2020-07-14,74.7,65.9,9999.9,999.9,10.4,17.1,999.9,81.0,71.2,0.0,999.9,0,605
3,2020,07,15,2020-07-15,78.4,69.9,9999.9,999.9,12.6,19,999.9,82.6,74.7,0.0,999.9,0,609
4,2020,07,16,2020-07-16,71.9,69.9,9999.9,999.9,15.5,27,999.9,77.9,69.6,0.0,999.9,0,595
5,2020,07,17,2020-07-17,76.4,70.6,9999.9,999.9,8.6,18.1,999.9,81.5,72.7,0.0,999.9,0,658
6,2020,07,18,2020-07-18,81.3,74.8,9999.9,999.9,14.7,22,999.9,88.2,76.6,0.0,999.9,0,649
7,2020,07,19,2020-07-19,80.4,75.2,9999.9,999.9,20.4,33,999.9,86.2,70.5,0.0,999.9,0,627
1,2020,07,20,2020-07-20,75.7,65.3,9999.9,999.9,10.2,15.9,999.9,81.7,72.1,0.0,999.9,0,648
2,2020,07,21,2020-07-21,74.2,67.9,9999.9,999.9,10.3,15,999.9,75.6,73.2,0.0,999.9,0,633
3,2020,07,22,2020-07-22,76.9,72.3,9999.9,999.9,9.1,13,999.9,85.3,73.4,0.0,999.9,0,610
4,2020,07,23,2020-07-23,73.1,65.7,9999.9,999.9,10,15,999.9,82.0,68.4,0.0,999.9,0,566
5,2020,07,24,2020-07-24,72.6,70.0,9999.9,999.9,8.4,12,999.9,75.2,69.4,0.0,999.9,0,630
6,2020,07,25,2020-07-25,76.5,72.8,9999.9,999.9,9.1,15,999.9,81.1,73.8,0.0,999.9,0,650
7,2020,07,26,2020-07-26,84.0,73.8,9999.9,999.9,14.8,21,999.9,91.0,78.1,0.0,999.9,0,659
1,2020,07,27,2020-07-27,79.5,74.9,9999.9,999.9,9.5,15.9,999.9,90.1,76.5,0.0,999.9,0,620
2,2020,07,28,2020-07-28,78.4,64.3,9999.9,999.9,10,17.1,999.9,85.5,72.5,0.0,999.9,0,625
3,2020,07,29,2020-07-29,79.1,68.7,9999.9,999.9,14.1,19,999.9,83.8,73.9,0.0,999.9,0,620
4,2020,07,30,2020-07-30,76.1,69.1,9999.9,999.9,14,22,999.9,77.2,74.5,0.0,999.9,0,606
5,2020,07,31,2020-07-31,74.0,66.1,9999.9,999.9,14.2,24.1,999.9,74.5,73.6,0.0,999.9,0,631
6,2020,08,01,2020-08-01,73.8,66.8,9999.9,999.9,9.9,15,999.9,74.7,73.0,0.0,999.9,0,698
7,2020,08,02,2020-08-02,71.4,66.4,9999.9,999.9,9.5,18.1,999.9,76.8,66.7,0.0,999.9,0,568
1,2020,08,03,2020-08-03,67.9,66.3,9999.9,999.9,16.2,24.1,999.9,70.7,64.9,0.0,999.9,0,605
2,2020,08,04,2020-08-04,66.1,57.2,9999.9,999.9,19.8,27,999.9,68.2,63.5,0.0,999.9,0,541
3,2020,08,05,2020-08-05,68.1,54.5,9999.9,999.9,9.9,14,999.9,72.9,63.7,0.0,999.9,0,574
4,2020,08,06,2020-08-06,71.8,59.4,9999.9,999.9,8.2,13,999.9,74.7,68.2,0.0,999.9,0,604
5,2020,08,07,2020-08-07,72.3,63.5,9999.9,999.9,7,14,999.9,75.4,69.1,0.0,999.9,0,594
6,2020,08,08,2020-08-08,75.5,65.5,9999.9,999.9,13.1,17.1,999.9,81.0,70.7,0.0,999.9,0,666
7,2020,08,09,2020-08-09,79.2,72.4,9999.9,999.9,15.2,21,999.9,84.0,74.3,0.0,999.9,0,652
1,2020,08,10,2020-08-10,77.3,74.9,9999.9,999.9,14.6,41,999.9,84.2,72.3,0.0,999.9,0,950
2,2020,08,11,2020-08-11,72.1,67.2,9999.9,999.9,10.3,18.1,999.9,75.9,68.5,0.0,999.9,0,595
3,2020,08,12,2020-08-12,73.1,64.5,9999.9,999.9,4.8,11.1,999.9,74.8,71.1,0.0,999.9,0,604
4,2020,08,13,2020-08-13,74.7,69.8,9999.9,999.9,8.2,15,999.9,76.1,73.8,0.0,999.9,0,648
5,2020,08,14,2020-08-14,75.7,71.6,9999.9,999.9,9.1,13,999.9,77.0,74.7,0.0,999.9,0,644
6,2020,08,15,2020-08-15,75.9,73.7,9999.9,999.9,5.9,9.9,999.9,77.9,74.5,0.0,999.9,0,626
7,2020,08,16,2020-08-16,72.2,65.8,9999.9,999.9,13.1,18.1,999.9,77.9,68.0,0.0,999.9,0,670
1,2020,08,17,2020-08-17,74.4,63.0,9999.9,999.9,8.3,13,999.9,76.6,72.1,0.0,999.9,0,640
2,2020,08,18,2020-08-18,72.6,60.6,9999.9,999.9,11.7,19,999.9,75.7,70.2,0.0,999.9,0,620
3,2020,08,19,2020-08-19,70.9,58.0,9999.9,999.9,9.5,15.9,999.9,72.5,70.2,0.0,999.9,0,629
4,2020,08,20,2020-08-20,73.5,60.4,9999.9,999.9,9.7,15.9,999.9,79.2,68.7,0.0,999.9,0,638
5,2020,08,21,2020-08-21,76.3,64.8,9999.9,999.9,9.5,14,999.9,80.1,71.6,0.0,999.9,0,656
6,2020,08,22,2020-08-22,77.6,67.0,9999.9,999.9,9.6,15,999.9,84.2,73.9,0.0,999.9,0,643
7,2020,08,23,2020-08-23,78.5,67.4,9999.9,999.9,11.6,15.9,999.9,85.3,74.3,0.0,999.9,0,625
1,2020,08,24,2020-08-24,80.7,72.8,9999.9,999.9,7.7,11.1,999.9,90.9,75.7,0.0,999.9,0,637
2,2020,08,25,2020-08-25,83.2,71.9,9999.9,999.9,11.4,26,999.9,91.9,76.1,0.0,999.9,0,640
3,2020,08,26,2020-08-26,83.1,72.2,9999.9,999.9,13,19,999.9,89.1,77.4,0.0,999.9,0,652
4,2020,08,27,2020-08-27,83.9,74.0,9999.9,999.9,14.2,21,999.9,89.8,78.4,0.0,999.9,0,590
5,2020,08,28,2020-08-28,83.6,74.9,9999.9,999.9,12.3,19,999.9,90.5,78.3,0.0,999.9,0,668
6,2020,08,29,2020-08-29,77.3,66.8,9999.9,999.9,15.5,24.1,999.9,89.6,70.9,0.0,999.9,0,646
7,2020,08,30,2020-08-30,71.3,59.1,9999.9,999.9,10.4,18.1,999.9,76.6,69.1,0.0,999.9,0,662
1,2020,08,31,2020-08-31,74.0,63.3,9999.9,999.9,14,18.1,999.9,80.8,69.4,0.0,999.9,0,696
2,2020,09,01,2020-09-01,73.0,68.7,9999.9,999.9,11.2,18.1,999.9,80.2,69.3,0.0,999.9,0,674
3,2020,09,02,2020-09-02,74.8,66.1,9999.9,999.9,12.2,19,999.9,84.0,71.1,0.0,999.9,0,579
4,2020,09,03,2020-09-03,78.1,60.2,9999.9,999.9,16.9,28,999.9,84.0,71.8,0.0,999.9,0,575
5,2020,09,04,2020-09-04,69.2,48.7,9999.9,999.9,13.8,22.9,999.9,77.5,60.8,0.0,999.9,0,649
6,2020,09,05,2020-09-05,73.2,55.0,9999.9,999.9,15.8,22.9,999.9,76.6,69.6,0.0,999.9,0,672
7,2020,09,06,2020-09-06,69.8,61.0,9999.9,999.9,16.3,27,999.9,79.2,61.0,0.0,999.9,0,646
1,2020,09,07,2020-09-07,72.8,66.6,9999.9,999.9,18.4,31.1,999.9,79.0,65.8,0.0,999.9,0,604
2,2020,09,08,2020-09-08,64.8,62.0,9999.9,999.9,18.5,28,999.9,68.5,62.4,0.0,999.9,0,545
3,2020,09,09,2020-09-09,62.7,62.1,9999.9,999.9,14.1,21,999.9,64.0,61.2,0.0,999.9,0,543
4,2020,09,10,2020-09-10,62.4,59.7,9999.9,999.9,16.1,20,999.9,63.1,61.5,0.0,999.9,0,565
5,2020,09,11,2020-09-11,63.4,61.2,9999.9,999.9,14.6,17.1,999.9,67.5,62.2,0.0,999.9,0,660
6,2020,09,12,2020-09-12,67.1,65.6,9999.9,999.9,15.9,20,999.9,70.9,64.8,0.0,999.9,0,563
7,2020,09,13,2020-09-13,66.0,63.2,9999.9,999.9,9.9,15,999.9,71.2,62.6,0.0,999.9,0,583
1,2020,09,14,2020-09-14,66.0,62.2,9999.9,999.9,4.7,8,999.9,69.3,63.5,0.0,999.9,0,589
2,2020,09,15,2020-09-15,67.9,61.1,9999.9,999.9,13.7,17.1,999.9,75.6,62.4,0.0,999.9,0,607
3,2020,09,16,2020-09-16,72.4,60.2,9999.9,999.9,14.7,21,999.9,81.7,65.1,0.0,999.9,0,619
4,2020,09,17,2020-09-17,65.8,59.3,9999.9,999.9,16.5,22.9,999.9,72.9,62.4,0.0,999.9,0,535
5,2020,09,18,2020-09-18,58.8,46.0,9999.9,999.9,18,24.1,999.9,63.3,55.2,0.0,999.9,0,576
6,2020,09,19,2020-09-19,57.2,41.7,9999.9,999.9,10.8,20,999.9,60.3,54.1,0.0,999.9,0,589
7,2020,09,20,2020-09-20,62.4,46.6,9999.9,999.9,11.2,14,999.9,67.3,57.9,0.0,999.9,0,604
1,2020,09,21,2020-09-21,64.2,50.6,9999.9,999.9,14.6,22,999.9,68.0,58.5,0.0,999.9,0,567
2,2020,09,22,2020-09-22,67.6,55.6,9999.9,999.9,8.8,17.1,999.9,77.2,61.5,0.0,999.9,0,544
3,2020,09,23,2020-09-23,70.9,59.7,9999.9,999.9,9.3,14,999.9,76.5,64.6,0.0,999.9,0,638
4,2020,09,24,2020-09-24,69.3,59.4,9999.9,999.9,11.2,17.1,999.9,76.5,61.3,0.0,999.9,0,573
5,2020,09,25,2020-09-25,69.7,61.0,9999.9,999.9,10.5,17.1,999.9,76.6,67.1,0.0,999.9,0,680
6,2020,09,26,2020-09-26,69.0,63.5,9999.9,999.9,19.3,26,999.9,76.3,64.4,0.0,999.9,0,630
7,2020,09,27,2020-09-27,70.6,62.9,9999.9,999.9,20.6,35,999.9,75.4,66.6,0.0,999.9,0,654
1,2020,09,28,2020-09-28,57.2,53.2,9999.9,999.9,12.7,18.1,999.9,66.4,53.6,0.0,999.9,0,547
2,2020,09,29,2020-09-29,54.8,48.0,9999.9,999.9,11.6,17.1,999.9,58.6,49.6,0.0,999.9,0,518
3,2020,09,30,2020-09-30,58.0,48.3,9999.9,999.9,19.2,31.1,999.9,63.5,54.0,0.0,999.9,0,582
4,2020,10,01,2020-10-01,54.4,45.1,9999.9,999.9,13.6,26,999.9,61.3,50.5,0.0,999.9,0,640
5,2020,10,02,2020-10-02,49.6,41.7,9999.9,999.9,14.7,22,999.9,53.2,46.2,0.0,999.9,0,554
6,2020,10,03,2020-10-03,51.6,39.2,9999.9,999.9,8.9,14,999.9,55.6,48.7,0.0,999.9,0,605
7,2020,10,04,2020-10-04,48.7,43.4,9999.9,999.9,13.3,22.9,999.9,53.1,44.1,0.0,999.9,0,583
1,2020,10,05,2020-10-05,53.0,36.2,9999.9,999.9,12.7,26,999.9,61.5,48.6,0.0,999.9,0,567
2,2020,10,06,2020-10-06,60.4,44.1,9999.9,999.9,17.8,28,999.9,73.6,54.3,0.0,999.9,0,595
3,2020,10,07,2020-10-07,66.6,50.6,9999.9,999.9,14.9,26,999.9,72.1,61.9,0.0,999.9,0,614
4,2020,10,08,2020-10-08,60.0,50.9,9999.9,999.9,7.9,15,999.9,63.9,57.6,0.0,999.9,0,563
5,2020,10,09,2020-10-09,64.2,51.6,9999.9,999.9,16.8,32.1,999.9,79.9,57.2,0.0,999.9,0,656
6,2020,10,10,2020-10-10,68.0,60.9,9999.9,999.9,18,26,999.9,77.5,58.8,0.0,999.9,0,677
7,2020,10,11,2020-10-11,59.4,56.3,9999.9,999.9,12.1,19,999.9,62.1,57.9,0.0,999.9,0,653
1,2020,10,12,2020-10-12,61.1,59.6,9999.9,999.9,16.7,24.1,999.9,66.0,55.9,0.0,999.9,0,575
2,2020,10,13,2020-10-13,59.9,41.9,9999.9,999.9,15.4,29.9,999.9,71.8,54.9,0.0,999.9,0,591
3,2020,10,14,2020-10-14,61.8,43.3,9999.9,999.9,17.5,36.9,999.9,76.8,54.9,0.0,999.9,0,651
4,2020,10,15,2020-10-15,58.7,39.4,9999.9,999.9,19.4,28.9,999.9,77.0,50.0,0.0,999.9,0,647
5,2020,10,16,2020-10-16,48.3,27.7,9999.9,999.9,14.8,19,999.9,53.4,45.1,0.0,999.9,0,570
6,2020,10,17,2020-10-17,51.6,32.6,9999.9,999.9,20.9,38.1,999.9,63.1,45.0,0.0,999.9,0,619
7,2020,10,18,2020-10-18,53.3,39.3,9999.9,999.9,20.1,28.9,999.9,60.6,42.4,0.0,999.9,0,558
1,2020,10,19,2020-10-19,44.6,39.1,9999.9,999.9,11.2,26,999.9,48.2,42.3,0.0,999.9,0,529
2,2020,10,20,2020-10-20,47.3,43.4,9999.9,999.9,14.8,19,999.9,54.0,43.3,0.0,999.9,0,555
3,2020,10,21,2020-10-21,50.4,47.5,9999.9,999.9,13.5,22,999.9,53.4,47.1,0.0,999.9,0,582
4,2020,10,22,2020-10-22,54.3,53.1,9999.9,999.9,14.7,22.9,999.9,76.5,48.4,0.0,999.9,0,606
5,2020,10,23,2020-10-23,60.0,57.4,9999.9,999.9,20.6,27,999.9,72.5,44.6,0.0,999.9,0,582
6,2020,10,24,2020-10-24,41.7,35.6,9999.9,999.9,16,22.9,999.9,45.3,39.6,0.0,999.9,0,554
7,2020,10,25,2020-10-25,44.6,36.5,9999.9,999.9,14.5,18.1,999.9,46.4,42.4,0.0,999.9,0,652
1,2020,10,26,2020-10-26,40.2,37.7,9999.9,999.9,18.6,26,999.9,46.2,34.9,0.0,999.9,0,545
2,2020,10,27,2020-10-27,36.5,32.7,9999.9,999.9,8.6,12,999.9,38.5,33.8,0.0,999.9,0,518
3,2020,10,28,2020-10-28,40.5,29.4,9999.9,999.9,13,18.1,999.9,50.0,35.4,0.0,999.9,0,549
4,2020,10,29,2020-10-29,46.3,39.1,9999.9,999.9,18.3,31.1,999.9,48.7,42.8,0.0,999.9,0,581
5,2020,10,30,2020-10-30,37.6,28.0,9999.9,999.9,15.3,28.9,999.9,42.3,35.1,0.0,999.9,0,619
6,2020,10,31,2020-10-31,43.6,33.1,9999.9,999.9,15.9,26,999.9,57.0,38.3,0.0,999.9,0,625
7,2020,11,01,2020-11-01,44.7,30.0,9999.9,999.9,26.7,35.9,999.9,55.4,36.0,0.0,999.9,0,690
1,2020,11,02,2020-11-02,38.2,19.9,9999.9,999.9,15,22,999.9,50.4,32.0,0.0,999.9,0,602
2,2020,11,03,2020-11-03,53.0,33.3,9999.9,999.9,15.8,24.1,999.9,67.8,45.9,0.0,999.9,0,616
3,2020,11,04,2020-11-04,59.3,44.0,9999.9,999.9,20,28,999.9,72.1,51.4,0.0,999.9,0,659
5,2020,11,06,2020-11-06,62.2,49.0,9999.9,999.9,14.7,18.1,999.9,73.6,52.3,0.0,999.9,0,665
6,2020,11,07,2020-11-07,62.5,48.9,9999.9,999.9,15.4,19,999.9,71.2,55.8,0.0,999.9,0,622
7,2020,11,08,2020-11-08,60.9,52.5,9999.9,999.9,13.6,20,999.9,72.0,55.2,0.0,999.9,0,597
1,2020,11,09,2020-11-09,65.8,59.0,9999.9,999.9,16.1,25.1,999.9,72.1,57.6,0.0,999.9,0,624
2,2020,11,10,2020-11-10,67.6,62.1,9999.9,999.9,24.4,32.1,999.9,70.7,64.8,0.0,999.9,0,598
3,2020,11,11,2020-11-11,44.3,37.2,9999.9,999.9,18.9,36.9,999.9,67.6,35.6,0.0,999.9,0,487
4,2020,11,12,2020-11-12,44.8,37.0,9999.9,999.9,9.8,14,999.9,51.3,40.1,0.0,999.9,0,521
5,2020,11,13,2020-11-13,41.4,33.4,9999.9,999.9,12.8,22.9,999.9,50.0,32.9,0.0,999.9,0,533
6,2020,11,14,2020-11-14,38.2,31.0,9999.9,999.9,16,26,999.9,45.1,34.5,0.0,999.9,0,473
7,2020,11,15,2020-11-15,46.9,43.6,9999.9,999.9,29.6,41,999.9,55.9,40.1,0.0,999.9,0,521
1,2020,11,16,2020-11-16,37.7,28.4,9999.9,999.9,19.7,36.9,999.9,47.1,33.1,0.0,999.9,0,518
2,2020,11,17,2020-11-17,38.2,24.3,9999.9,999.9,17.7,26,999.9,47.8,30.0,0.0,999.9,0,502
3,2020,11,18,2020-11-18,42.9,25.1,9999.9,999.9,17,29.9,999.9,49.6,39.6,0.0,999.9,0,505
4,2020,11,19,2020-11-19,53.4,31.9,9999.9,999.9,31.7,38.1,999.9,64.8,47.3,0.0,999.9,0,520
5,2020,11,20,2020-11-20,57.8,40.8,9999.9,999.9,19.2,32.1,999.9,62.2,54.0,0.0,999.9,0,645
6,2020,11,21,2020-11-21,43.9,36.8,9999.9,999.9,10.2,15,999.9,55.4,40.6,0.0,999.9,0,537
7,2020,11,22,2020-11-22,41.9,38.5,9999.9,999.9,8.8,14,999.9,43.7,40.5,0.0,999.9,0,511
1,2020,11,23,2020-11-23,41.6,33.3,9999.9,999.9,10.9,15.9,999.9,45.3,37.9,0.0,999.9,0,539
2,2020,11,24,2020-11-24,40.2,36.3,9999.9,999.9,16.4,24.1,999.9,42.8,35.2,0.0,999.9,0,509
3,2020,11,25,2020-11-25,45.1,44.6,9999.9,999.9,13.3,24.1,999.9,45.9,43.9,0.0,999.9,0,485
4,2020,11,26,2020-11-26,44.3,42.6,9999.9,999.9,13.1,19,999.9,45.5,42.6,0.0,999.9,0,392
5,2020,11,27,2020-11-27,42.6,40.1,9999.9,999.9,11,18.1,999.9,44.8,40.1,0.0,999.9,0,579
6,2020,11,28,2020-11-28,39.7,29.7,9999.9,999.9,13.7,19,999.9,48.9,33.8,0.0,999.9,0,492
7,2020,11,29,2020-11-29,44.8,36.0,9999.9,999.9,16.4,22,999.9,49.3,41.2,0.0,999.9,0,532
1,2020,11,30,2020-11-30,36.1,28.7,9999.9,999.9,28.4,33,999.9,45.5,30.4,0.0,999.9,0,492
2,2020,12,01,2020-12-01,29.8,21.3,9999.9,999.9,17.3,25.1,999.9,34.0,27.3,0.0,999.9,0,601
3,2020,12,02,2020-12-02,35.6,20.9,9999.9,999.9,10.4,15.9,999.9,47.7,30.7,0.0,999.9,0,509
4,2020,12,03,2020-12-03,39.7,24.2,9999.9,999.9,14.6,22,999.9,45.5,33.4,0.0,999.9,0,475
5,2020,12,04,2020-12-04,39.5,29.3,9999.9,999.9,16.5,25.1,999.9,42.6,35.8,0.0,999.9,0,579
6,2020,12,05,2020-12-05,38.5,30.2,9999.9,999.9,13.2,18.1,999.9,40.3,37.4,0.0,999.9,0,567
7,2020,12,06,2020-12-06,36.7,31.3,9999.9,999.9,6.8,12,999.9,37.8,35.1,0.0,999.9,0,566
1,2020,12,07,2020-12-07,36.1,30.9,9999.9,999.9,7.1,11.1,999.9,37.4,34.7,0.0,999.9,0,552
2,2020,12,08,2020-12-08,35.7,29.5,9999.9,999.9,8.9,19,999.9,37.8,33.1,0.0,999.9,0,548
3,2020,12,09,2020-12-09,39.8,34.1,9999.9,999.9,10.9,19,999.9,52.2,34.2,0.0,999.9,0,527
4,2020,12,10,2020-12-10,46.2,37.0,9999.9,999.9,7.5,13,999.9,55.8,40.1,0.0,999.9,0,579
5,2020,12,11,2020-12-11,46.0,41.1,9999.9,999.9,14.1,25.1,999.9,54.5,41.9,0.0,999.9,0,498
6,2020,12,12,2020-12-12,40.6,40.5,9999.9,999.9,21.9,28,999.9,42.1,37.2,0.0,999.9,0,503
7,2020,12,13,2020-12-13,33.7,29.9,9999.9,999.9,10.9,22.9,999.9,37.8,30.2,0.0,999.9,0,549
1,2020,12,14,2020-12-14,30.3,21.5,9999.9,999.9,15,21,999.9,35.1,27.1,0.0,999.9,0,551
2,2020,12,15,2020-12-15,28.4,17.9,9999.9,999.9,10.8,15.9,999.9,31.1,25.2,0.0,999.9,0,575
3,2020,12,16,2020-12-16,30.9,24.8,9999.9,999.9,15.8,22,999.9,33.6,29.5,0.0,999.9,0,526
4,2020,12,17,2020-12-17,33.8,28.9,9999.9,999.9,9.2,12,999.9,34.7,32.5,0.0,999.9,0,518
5,2020,12,18,2020-12-18,33.1,26.2,9999.9,999.9,12,24.1,999.9,36.0,29.8,0.0,999.9,0,563
6,2020,12,19,2020-12-19,38.4,34.0,9999.9,999.9,20.5,29.9,999.9,43.5,34.3,0.0,999.9,0,531
7,2020,12,20,2020-12-20,37.1,30.6,9999.9,999.9,13.1,18.1,999.9,41.5,32.2,0.0,999.9,0,554
1,2020,12,21,2020-12-21,38.8,32.8,9999.9,999.9,14.8,27,999.9,44.8,34.9,0.0,999.9,0,614
2,2020,12,22,2020-12-22,38.1,31.5,9999.9,999.9,16.8,25.1,999.9,41.5,34.7,0.0,999.9,0,579
3,2020,12,23,2020-12-23,45.0,36.0,9999.9,999.9,26.2,40,999.9,55.2,38.8,0.0,999.9,0,585
4,2020,12,24,2020-12-24,23.4,15.5,9999.9,999.9,21.7,31.1,999.9,50.4,12.7,0.0,999.9,0,499
5,2020,12,25,2020-12-25,14.3,6.2,9999.9,999.9,16.8,24.1,999.9,22.3,9.3,0.0,999.9,0,400
6,2020,12,26,2020-12-26,23.1,13.8,9999.9,999.9,12.1,21,999.9,29.1,20.3,0.0,999.9,0,440
7,2020,12,27,2020-12-27,34.3,30.0,9999.9,999.9,13.6,19,999.9,45.3,29.1,0.0,999.9,0,495
1,2020,12,28,2020-12-28,33.7,26.5,9999.9,999.9,16.5,28,999.9,45.5,29.3,0.0,999.9,0,528
2,2020,12,29,2020-12-29,26.9,20.3,9999.9,999.9,12,20,999.9,32.0,22.6,0.0,999.9,0,429
3,2020,12,30,2020-12-30,32.9,30.4,9999.9,999.9,20.2,28.9,999.9,37.0,28.4,0.0,999.9,0,474
4,2020,12,31,2020-12-31,26.6,20.1,9999.9,999.9,9.8,26,999.9,29.5,24.8,0.0,999.9,0,552