"","temp","year"
"50",23.5,2011
"55",18.2,2011
"59",26.7,2011
"72",25,2011
"75",25.8,2011
"76",25.8,2011
"77",20.2,2011
"86",19.4,2011
"96",19.4,2011
"99",27,2011
"102",21.7,2011
"104",21.2,2011
"109",10.7,2011
"117",13,2011
"118",30.5,2011
"127",19.6,2011
"137",26.1,2011
"141",26.6,2011
"148",22.8,2011
"159",30,2011
"167",24.5,2011
"190",18.4,2011
"204",23.7,2011
"206",16.2,2011
"224",24.3,2011
"234",27.6,2011
"248",25.2,2011
"253",18,2011
"261",32,2011
"283",6.6,2011
"378",28.3,2011
"383",29.7,2011
"399",19.4,2011
"408",41.8,2011
"424",28.2,2011
"425",32.6,2011
"434",27.8,2011
"450",6.3,2011
"456",16.6,2011
"473",32.7,2011
"476",34.3,2011
"477",38.8,2011
"479",14.7,2011
"486",30.8,2011
"489",4.1,2011
"508",25.6,2011
"527",32.6,2011
"539",33.4,2011
"550",32.3,2011
"551",18.5,2011
"556",52.1,2011
"591",32.2,2011
"609",46.9,2011
"615",32.5,2011
"637",40.9,2011
"646",22.1,2011
"708",36,2011
"709",41.4,2011
"710",29.9,2011
"711",36.3,2011
"713",38.1,2011
"714",36.2,2011
"716",33.6,2011
"737",35,2011
"738",45.1,2011
"749",30.1,2011
"750",45.7,2011
"753",43,2011
"771",52.1,2011
"776",33.3,2011
"780",30.1,2011
"816",37.2,2011
"821",34.8,2011
"824",32.7,2011
"833",44,2011
"839",52.4,2011
"855",29.3,2011
"864",30.5,2011
"895",40.5,2011
"896",33.4,2011
"909",56.7,2011
"913",29.5,2011
"921",32,2011
"937",31.7,2011
"946",40.3,2011
"949",42,2011
"958",34.8,2011
"1036",53.2,2011
"1038",42.4,2011
"1042",50.7,2011
"1053",50.8,2011
"1064",48.4,2011
"1078",50,2011
"1079",37.8,2011
"1094",48.5,2011
"1132",53.4,2011
"1133",41.7,2011
"1139",44.4,2011
"1186",44.3,2011
"1188",49.3,2011
"1197",43.2,2011
"1240",43.8,2011
"1241",39.3,2011
"1247",42,2011
"1258",40.3,2011
"1259",48.9,2011
"1260",53.1,2011
"1267",54.8,2011
"1269",38.1,2011
"1273",70.6,2011
"1279",62.4,2011
"1284",56.2,2011
"1285",46.5,2011
"1286",44.7,2011
"1300",45.7,2011
"1311",58.4,2011
"1314",56.2,2011
"1378",77.8,2011
"1383",58.9,2011
"1401",54.3,2011
"1410",61.1,2011
"1415",53.2,2011
"1419",44.9,2011
"1442",56.7,2011
"1461",53.3,2011
"1477",63.1,2011
"1499",56.6,2011
"1504",61,2011
"1513",46.3,2011
"1515",58,2011
"1527",75.1,2011
"1542",63.7,2011
"1547",76.3,2011
"1548",50.9,2011
"1560",49,2011
"1563",56.9,2011
"1585",66.6,2011
"1591",81.1,2011
"1598",61.7,2011
"1604",49.7,2011
"1608",45.8,2011
"1613",48.2,2011
"1630",60.9,2011
"1634",72.3,2011
"1643",73.2,2011
"1649",45.5,2011
"1651",46.7,2011
"1661",73.5,2011
"1701",74,2011
"1707",69.9,2011
"1708",72.7,2011
"1720",72.9,2011
"1724",59.3,2011
"1779",75.9,2011
"1787",72.2,2011
"1792",62.6,2011
"1793",73.4,2011
"1794",73.8,2011
"1801",58.1,2011
"1805",72,2011
"1816",66,2011
"1828",63.8,2011
"1836",80.2,2011
"1858",74.9,2011
"1867",57.2,2011
"1872",74.1,2011
"1882",68.9,2011
"1887",86.4,2011
"1901",65.6,2011
"1902",70.9,2011
"1911",86.7,2011
"1918",66.7,2011
"1927",67,2011
"1930",72.4,2011
"1960",73.4,2011
"1981",71.6,2011
"1988",65.6,2011
"1990",80.9,2011
"2026",80,2011
"2031",80.5,2011
"2040",82.2,2011
"2048",79.7,2011
"2059",82.6,2011
"2068",80,2011
"2076",83.2,2011
"2097",74,2011
"2100",75.6,2011
"2112",77.3,2011
"2115",80.2,2011
"2122",77.4,2011
"2126",86.2,2011
"2133",77.7,2011
"2141",84,2011
"2155",71.8,2011
"2164",78.3,2011
"2170",78.4,2011
"2175",90.8,2011
"2189",77.6,2011
"2229",79.7,2011
"2231",71.7,2011
"2235",81.1,2011
"2249",86.5,2011
"2279",79,2011
"2294",87.2,2011
"2310",80.5,2011
"2320",78.9,2011
"2328",83.4,2011
"2330",75.7,2011
"2335",81.8,2011
"2372",73.6,2011
"2374",71.6,2011
"2387",83.4,2011
"2391",70.1,2011
"2398",71.3,2011
"2403",71.2,2011
"2413",69.6,2011
"2428",77.1,2011
"2433",74.9,2011
"2434",71.6,2011
"2449",77.1,2011
"2464",76.6,2011
"2469",78.5,2011
"2483",75.9,2011
"2496",71,2011
"2502",73.8,2011
"2506",73.8,2011
"2524",75.3,2011
"2558",73.3,2011
"2565",70.5,2011
"2569",74.3,2011
"2585",85.7,2011
"2593",74.6,2011
"2596",69.9,2011
"2605",77.7,2011
"2614",75.4,2011
"2634",78.5,2011
"2640",72.9,2011
"2653",68.1,2011
"2661",80.7,2011
"2667",73.7,2011
"2708",56,2011
"2722",66.9,2011
"2724",53.4,2011
"2727",62.6,2011
"2728",55.8,2011
"2742",83.8,2011
"2745",59,2011
"2751",57.4,2011
"2775",72,2011
"2776",65,2011
"2792",57.9,2011
"2794",70.6,2011
"2797",80.4,2011
"2811",58.6,2011
"2820",51.9,2011
"2833",86.1,2011
"2861",69.6,2011
"2872",59.7,2011
"2892",57.5,2011
"2895",56.4,2011
"2903",74.2,2011
"2919",66.2,2011
"2920",59.6,2011
"2929",61.1,2011
"2938",58.1,2011
"2949",66.1,2011
"2980",64,2011
"2990",61.2,2011
"2995",53.7,2011
"2999",66.2,2011
"3044",64.4,2011
"3045",51.6,2011
"3050",58.4,2011
"3054",45.7,2011
"3062",67,2011
"3065",66.9,2011
"3072",49.9,2011
"3075",68.6,2011
"3085",68.9,2011
"3097",44.2,2011
"3102",57.1,2011
"3106",54.5,2011
"3115",66.8,2011
"3120",70.6,2011
"3137",62.4,2011
"3160",71.9,2011
"3173",54.8,2011
"3187",46.6,2011
"3192",46.5,2011
"3198",46.1,2011
"3217",47.1,2011
"3229",59.3,2011
"3230",49.7,2011
"3232",49,2011
"3236",53,2011
"3315",54.9,2011
"3324",47.1,2011
"3325",45.1,2011
"3327",54.1,2011
"3340",56.2,2011
"3342",44.4,2011
"3469",49.4,2011
"3474",41.1,2011
"3480",46.2,2011
"3488",58.3,2011
"3491",54.1,2011
"3515",42.2,2011
"3520",50.3,2011
"3522",36,2011
"3528",36.8,2011
"3530",48.6,2011
"3535",42.5,2011
"3538",45.9,2011
"3545",53.8,2011
"3547",42,2011
"3552",42.9,2011
"3558",46.9,2011
"3569",47,2011
"3584",51.2,2011
"3591",43.5,2011
"3593",46.8,2011
"3594",32.1,2011
"3607",36.8,2011
"3630",52.5,2011
"3632",47.7,2011
"3635",58.6,2011
"3636",38.2,2011
"3640",33.8,2011
"3665",48.3,2011
"3670",48.6,2011
"3674",40.8,2011
"3724",41.3,2011
"3727",29.7,2011
"3743",36.8,2011
"3765",35.6,2011
"3799",19.3,2011
"3807",37.9,2011
"3810",43.4,2011
"3824",39.6,2011
"3836",37.3,2011
"3837",34.5,2011
"3840",30.8,2011
"3845",33.1,2011
"3851",28,2011
"3855",29.7,2011
"3859",40.7,2011
"3860",30.2,2011
"3880",36,2011
"3883",38.4,2011
"3886",27.2,2011
"3894",35.8,2011
"3896",31.1,2011
"3901",30.6,2011
"3908",31,2011
"3909",45.1,2011
"3925",37.5,2011
"3930",37.1,2011
"3948",45.1,2011
"3971",46.7,2011
"3990",36.9,2011
"4002",47.8,2011
"44",33.7,2012
"48",41.8,2012
"53",34.1,2012
"65",29.4,2012
"70",11.3,2012
"110",35.8,2012
"111",17.3,2012
"120",46.8,2012
"140",35.3,2012
"147",36.9,2012
"160",20.1,2012
"173",32.3,2012
"176",23.9,2012
"178",49.2,2012
"183",22.2,2012
"187",18.4,2012
"199",40.8,2012
"200",18.7,2012
"214",40.2,2012
"216",31,2012
"228",20.3,2012
"229",33.1,2012
"255",19.7,2012
"276",35,2012
"277",29.5,2012
"290",31,2012
"301",32,2012
"311",24.8,2012
"312",36.4,2012
"333",39.1,2012
"379",37.6,2012
"400",42.6,2012
"404",33.5,2012
"420",36.4,2012
"422",31.7,2012
"437",27.5,2012
"440",35.1,2012
"444",31.3,2012
"454",35.9,2012
"459",36.8,2012
"462",32.5,2012
"466",27.2,2012
"475",35.7,2012
"478",22.4,2012
"492",36.8,2012
"501",37.4,2012
"502",40.2,2012
"514",31.4,2012
"526",37.8,2012
"536",30.9,2012
"581",25,2012
"595",37.8,2012
"604",36.4,2012
"616",31.5,2012
"619",33,2012
"620",32.3,2012
"621",14.7,2012
"625",31.4,2012
"642",48.8,2012
"689",62.5,2012
"726",70.5,2012
"728",54.8,2012
"731",57.9,2012
"754",63.3,2012
"760",28.5,2012
"762",76.6,2012
"765",70.3,2012
"772",56.4,2012
"773",46.1,2012
"775",30.2,2012
"777",72.5,2012
"788",41.4,2012
"808",69.7,2012
"813",70.8,2012
"817",45.4,2012
"820",52.5,2012
"856",64.2,2012
"888",35.9,2012
"918",37.2,2012
"931",50.5,2012
"932",75.2,2012
"945",43.5,2012
"954",62.4,2012
"956",39,2012
"960",59.7,2012
"966",49,2012
"983",33,2012
"987",36.9,2012
"988",59.9,2012
"989",44.8,2012
"1044",56.2,2012
"1050",50.7,2012
"1056",50.5,2012
"1059",41,2012
"1092",47.1,2012
"1098",50.2,2012
"1100",58,2012
"1104",52.1,2012
"1109",43.8,2012
"1113",43.7,2012
"1149",58.1,2012
"1150",48,2012
"1152",56.2,2012
"1156",58.1,2012
"1173",54.8,2012
"1181",42.1,2012
"1191",54.4,2012
"1202",49.2,2012
"1207",50.4,2012
"1220",47.2,2012
"1226",56.2,2012
"1243",45.5,2012
"1244",46.9,2012
"1250",45.2,2012
"1255",66.9,2012
"1256",43.8,2012
"1257",51.2,2012
"1282",45.7,2012
"1306",54,2012
"1320",58.5,2012
"1398",58.6,2012
"1407",64.8,2012
"1413",60.2,2012
"1416",67.8,2012
"1421",57.1,2012
"1422",57.3,2012
"1432",59.7,2012
"1434",59.8,2012
"1436",76.5,2012
"1438",56.8,2012
"1439",54.4,2012
"1443",63.2,2012
"1454",61.6,2012
"1466",81.3,2012
"1467",67.2,2012
"1479",64.6,2012
"1495",74.5,2012
"1502",61.9,2012
"1505",59.9,2012
"1511",58.8,2012
"1524",71,2012
"1543",70.5,2012
"1550",52.1,2012
"1575",76.2,2012
"1578",68,2012
"1596",60.7,2012
"1599",81.1,2012
"1609",85.3,2012
"1614",77.6,2012
"1618",63.6,2012
"1637",76.6,2012
"1716",78.6,2012
"1719",74.8,2012
"1729",73.7,2012
"1734",65.3,2012
"1742",64.9,2012
"1746",67.3,2012
"1747",70.7,2012
"1749",75.7,2012
"1782",80,2012
"1802",70.6,2012
"1822",72.4,2012
"1826",81.5,2012
"1835",69.2,2012
"1838",63.4,2012
"1840",68.2,2012
"1862",79,2012
"1888",78.6,2012
"1894",80.6,2012
"1896",53.8,2012
"1909",81.6,2012
"1913",76.4,2012
"1924",79.9,2012
"1935",84.9,2012
"1939",84.5,2012
"1944",60.9,2012
"1945",87.1,2012
"1948",71,2012
"1950",83.1,2012
"1964",75.4,2012
"1989",81.7,2012
"2034",78.2,2012
"2035",82.1,2012
"2073",92.7,2012
"2089",80.8,2012
"2101",77.3,2012
"2102",84.1,2012
"2114",83.2,2012
"2149",85.1,2012
"2157",78.2,2012
"2172",90,2012
"2177",87,2012
"2179",76.1,2012
"2185",87.2,2012
"2192",89.5,2012
"2194",76.9,2012
"2195",80.2,2012
"2198",78.5,2012
"2200",86.5,2012
"2207",77,2012
"2226",90.1,2012
"2236",75.8,2012
"2238",81.5,2012
"2244",87.7,2012
"2266",78.2,2012
"2268",77.1,2012
"2286",84.3,2012
"2314",83.5,2012
"2321",81.3,2012
"2331",80.5,2012
"2332",77,2012
"2334",83.6,2012
"2371",67.7,2012
"2378",68.5,2012
"2382",70.1,2012
"2384",67.8,2012
"2392",69.7,2012
"2411",70.7,2012
"2418",68.5,2012
"2425",79.6,2012
"2430",72,2012
"2431",79.2,2012
"2432",75.9,2012
"2443",76.3,2012
"2460",81.6,2012
"2465",82.2,2012
"2481",84.4,2012
"2482",80.2,2012
"2497",75.4,2012
"2512",68.6,2012
"2513",78.8,2012
"2547",74.8,2012
"2548",68.3,2012
"2550",77,2012
"2561",75.5,2012
"2562",74,2012
"2567",82.3,2012
"2571",83.7,2012
"2591",77.4,2012
"2618",80.1,2012
"2665",68.4,2012
"2668",75.3,2012
"2675",83.1,2012
"2717",66.3,2012
"2734",52.1,2012
"2746",57.1,2012
"2749",79.6,2012
"2753",78.3,2012
"2785",67.8,2012
"2798",65.8,2012
"2802",79.8,2012
"2814",64.4,2012
"2817",65.2,2012
"2829",62.9,2012
"2842",58.9,2012
"2863",76.6,2012
"2867",74.9,2012
"2871",59.9,2012
"2875",64.2,2012
"2879",61,2012
"2883",69,2012
"2891",72.7,2012
"2916",59.5,2012
"2922",55.1,2012
"2927",76.1,2012
"2935",71.5,2012
"2944",64.4,2012
"2947",57.7,2012
"2976",68.7,2012
"2986",65.2,2012
"2997",58.6,2012
"3002",53.6,2012
"3006",75.2,2012
"3063",53.1,2012
"3088",58.2,2012
"3091",48.2,2012
"3114",60.7,2012
"3116",64,2012
"3123",49.2,2012
"3140",64.2,2012
"3143",45.3,2012
"3153",42.9,2012
"3171",68.3,2012
"3178",43.7,2012
"3189",47.4,2012
"3196",53.4,2012
"3222",46.4,2012
"3227",63.7,2012
"3240",42,2012
"3241",49.1,2012
"3255",54.6,2012
"3260",63.8,2012
"3271",44.3,2012
"3273",51.1,2012
"3280",45.4,2012
"3288",50.6,2012
"3296",54.9,2012
"3297",45.5,2012
"3300",46.5,2012
"3308",70.8,2012
"3311",65,2012
"3328",65.5,2012
"3333",43.5,2012
"3343",52.9,2012
"3389",41.8,2012
"3392",52.4,2012
"3394",38.3,2012
"3395",42.7,2012
"3398",45.6,2012
"3399",43.4,2012
"3410",49.9,2012
"3414",34.8,2012
"3415",36.9,2012
"3418",37.2,2012
"3420",27.9,2012
"3423",45.9,2012
"3431",40.5,2012
"3433",34,2012
"3435",45.8,2012
"3447",45.7,2012
"3453",41.7,2012
"3456",44.9,2012
"3457",43.8,2012
"3482",40.6,2012
"3484",34.7,2012
"3486",43.2,2012
"3490",43.1,2012
"3524",58.9,2012
"3570",29,2012
"3578",32.8,2012
"3595",53.3,2012
"3617",39.2,2012
"3648",39.2,2012
"3672",63.4,2012
"3734",31.4,2012
"3742",38.1,2012
"3757",28.9,2012
"3769",39.5,2012
"3776",44.7,2012
"3779",24,2012
"3803",33.7,2012
"3805",39.5,2012
"3815",46.5,2012
"3830",38.5,2012
"3834",34.5,2012
"3835",47.1,2012
"3848",41.4,2012
"3856",39.2,2012
"3866",32.7,2012
"3889",35.7,2012
"3898",30.5,2012
"3900",30.7,2012
"3922",30.1,2012
"3926",39.5,2012
"3931",37.9,2012
"3932",45.1,2012
"3937",59.1,2012
"3943",35.1,2012
"3945",24,2012
"3957",58,2012
"3997",43.9,2012
"3999",33.1,2012
"4001",57.3,2012
"4011",30.7,2012
"41",22.5,2013
"90",14,2013
"103",33,2013
"106",18.2,2013
"108",21.5,2013
"114",26,2013
"130",28.5,2013
"152",5.6,2013
"154",29.9,2013
"156",35.7,2013
"186",48.2,2013
"212",17.7,2013
"220",47.9,2013
"233",29.9,2013
"241",21.8,2013
"244",31.9,2013
"250",43,2013
"258",43.3,2013
"260",23.7,2013
"262",41,2013
"270",12.6,2013
"284",27.2,2013
"286",26.4,2013
"295",52.7,2013
"298",19.8,2013
"306",41.1,2013
"314",14.4,2013
"325",28.3,2013
"329",23.6,2013
"339",27.6,2013
"392",26.8,2013
"402",29.6,2013
"403",32.4,2013
"407",34.2,2013
"414",18.1,2013
"431",24.4,2013
"438",31.7,2013
"451",19.7,2013
"468",29.7,2013
"480",33.5,2013
"495",26.9,2013
"506",18.4,2013
"519",22.6,2013
"533",24.7,2013
"547",29.6,2013
"574",37.8,2013
"578",30.9,2013
"592",15.5,2013
"593",6.8,2013
"598",33.7,2013
"603",37.8,2013
"607",28.2,2013
"626",34.7,2013
"630",38.1,2013
"631",28.4,2013
"635",23.9,2013
"648",38.5,2013
"691",28.9,2013
"692",33.2,2013
"695",38.6,2013
"702",33.3,2013
"706",35.4,2013
"718",37.7,2013
"723",42.8,2013
"725",29.2,2013
"735",46.9,2013
"741",24.7,2013
"761",27.4,2013
"779",32.7,2013
"781",23,2013
"782",36,2013
"802",36.6,2013
"804",27.8,2013
"814",31.9,2013
"840",31.9,2013
"846",34,2013
"847",43.6,2013
"874",29,2013
"876",31.2,2013
"892",44.9,2013
"912",33.1,2013
"924",28.9,2013
"926",32.2,2013
"930",22.5,2013
"936",50.2,2013
"962",34.8,2013
"968",34,2013
"982",25.2,2013
"1034",56.6,2013
"1049",35.3,2013
"1055",46.7,2013
"1080",54.6,2013
"1090",52.7,2013
"1097",41.5,2013
"1102",41.5,2013
"1107",57.4,2013
"1108",34.8,2013
"1112",44,2013
"1124",45.4,2013
"1145",61,2013
"1155",51.9,2013
"1158",41.4,2013
"1185",45.2,2013
"1194",70.5,2013
"1204",52.4,2013
"1212",55.1,2013
"1219",41.1,2013
"1228",39.2,2013
"1236",48.5,2013
"1251",41.3,2013
"1253",42.9,2013
"1268",37,2013
"1275",37,2013
"1292",60.8,2013
"1296",44.6,2013
"1302",52.4,2013
"1310",49.1,2013
"1318",41.5,2013
"1364",50.9,2013
"1366",62.4,2013
"1376",55.8,2013
"1380",64,2013
"1385",67.7,2013
"1399",63.9,2013
"1408",59.1,2013
"1409",65.9,2013
"1411",61.2,2013
"1441",70.1,2013
"1465",67.2,2013
"1468",49.2,2013
"1494",49,2013
"1503",46.4,2013
"1506",58.9,2013
"1516",57.9,2013
"1517",69.6,2013
"1523",66.9,2013
"1537",72.1,2013
"1549",72.3,2013
"1562",72.6,2013
"1582",78,2013
"1584",48.1,2013
"1586",76.3,2013
"1589",57,2013
"1600",50.9,2013
"1642",44.2,2013
"1650",81.2,2013
"1662",73.6,2013
"1663",53.5,2013
"1703",71,2013
"1717",70.5,2013
"1738",63.4,2013
"1743",61.3,2013
"1754",79,2013
"1756",54.9,2013
"1765",64.6,2013
"1766",68.4,2013
"1768",63.8,2013
"1775",59.4,2013
"1789",72.9,2013
"1803",61.2,2013
"1809",76.1,2013
"1837",74.8,2013
"1844",69.3,2013
"1856",65.6,2013
"1869",76,2013
"1884",67.2,2013
"1890",76.3,2013
"1899",68,2013
"1907",57.4,2013
"1932",75.3,2013
"1952",68.9,2013
"1955",71.1,2013
"1963",76.7,2013
"1965",76.6,2013
"1974",63.9,2013
"1977",75.4,2013
"1993",77.5,2013
"1994",76.8,2013
"2032",69.3,2013
"2036",70,2013
"2037",77.2,2013
"2041",67.7,2013
"2057",72.5,2013
"2075",66.2,2013
"2087",72.6,2013
"2092",75.2,2013
"2107",84.3,2013
"2128",75.9,2013
"2135",78.9,2013
"2144",65.2,2013
"2152",78.2,2013
"2153",80.5,2013
"2162",79.4,2013
"2163",61.3,2013
"2181",86.1,2013
"2188",71.5,2013
"2209",81.5,2013
"2213",67.1,2013
"2228",79,2013
"2230",64.2,2013
"2243",79.2,2013
"2246",87.2,2013
"2267",65.8,2013
"2280",71,2013
"2285",80.5,2013
"2298",81.3,2013
"2304",68.7,2013
"2307",87.7,2013
"2308",75.8,2013
"2399",73.5,2013
"2402",74.9,2013
"2405",65.7,2013
"2406",76.5,2013
"2414",75.2,2013
"2417",73.1,2013
"2445",72.7,2013
"2466",72.3,2013
"2472",76.1,2013
"2477",68.8,2013
"2478",72.5,2013
"2491",73.7,2013
"2500",68.2,2013
"2504",74,2013
"2515",78.2,2013
"2518",65,2013
"2542",73,2013
"2545",80.6,2013
"2557",74.6,2013
"2570",71.4,2013
"2572",79.3,2013
"2573",74.6,2013
"2577",78.6,2013
"2581",70.5,2013
"2602",68.4,2013
"2606",80.4,2013
"2607",80.4,2013
"2609",72.8,2013
"2647",84.9,2013
"2655",74.3,2013
"2676",81.2,2013
"2712",61.5,2013
"2713",61.2,2013
"2714",65.3,2013
"2716",71.3,2013
"2720",58.6,2013
"2736",63.4,2013
"2755",57.2,2013
"2756",75.4,2013
"2759",70.3,2013
"2784",67.3,2013
"2804",60.6,2013
"2809",60.7,2013
"2815",67.9,2013
"2825",61.1,2013
"2837",72.2,2013
"2853",79.3,2013
"2854",83,2013
"2855",75.4,2013
"2862",72.9,2013
"2864",77,2013
"2873",60.9,2013
"2886",65.8,2013
"2893",71.6,2013
"2907",60.3,2013
"2915",62.2,2013
"2932",70.2,2013
"2961",73.1,2013
"2969",87.2,2013
"2973",69,2013
"2991",75.8,2013
"3047",60.8,2013
"3058",56.5,2013
"3061",62.4,2013
"3070",62.2,2013
"3078",37,2013
"3087",65.1,2013
"3092",53.2,2013
"3118",70.5,2013
"3124",70.8,2013
"3132",48.4,2013
"3152",39.7,2013
"3157",58.7,2013
"3163",53.7,2013
"3172",60,2013
"3177",54.8,2013
"3182",47.9,2013
"3191",52.4,2013
"3193",66.2,2013
"3195",38.5,2013
"3197",43.6,2013
"3200",69.3,2013
"3201",46.1,2013
"3204",71.7,2013
"3206",50.4,2013
"3213",50.2,2013
"3220",45.7,2013
"3248",39.8,2013
"3258",62,2013
"3269",47.6,2013
"3284",50.2,2013
"3290",68.5,2013
"3417",34,2013
"3427",45.5,2013
"3437",43.6,2013
"3441",26.9,2013
"3455",37.9,2013
"3466",38,2013
"3467",44,2013
"3489",38.4,2013
"3502",53.5,2013
"3508",43.5,2013
"3509",37.6,2013
"3514",31.6,2013
"3531",40.6,2013
"3549",26.3,2013
"3579",42.3,2013
"3581",28.7,2013
"3582",28.4,2013
"3586",18.6,2013
"3612",38.4,2013
"3616",49,2013
"3625",21.5,2013
"3626",49,2013
"3627",52.4,2013
"3642",50.5,2013
"3643",43.4,2013
"3651",25.8,2013
"3658",47.7,2013
"3671",41.9,2013
"3676",60.7,2013
"3736",15.3,2013
"3738",21.6,2013
"3745",37.5,2013
"3746",36.1,2013
"3749",37.7,2013
"3767",42,2013
"3781",14.8,2013
"3788",20.8,2013
"3797",33.8,2013
"3814",50.5,2013
"3821",29.7,2013
"3843",35.3,2013
"3861",41.7,2013
"3863",11.9,2013
"3868",16.7,2013
"3876",20.5,2013
"3881",24.9,2013
"3884",22.6,2013
"3892",7.6,2013
"3897",18.8,2013
"3905",20.7,2013
"3907",24.4,2013
"3944",35.9,2013
"3953",21.7,2013
"3956",33.9,2013
"3977",10.7,2013
"3978",34.7,2013
"3993",34.4,2013
"43",6.2,2014
"80",11.4,2014
"91",15.5,2014
"129",31.7,2014
"133",34,2014
"149",-4.5,2014
"166",24.9,2014
"217",8.3,2014
"218",7.2,2014
"219",6.9,2014
"226",42.4,2014
"230",33.5,2014
"232",4.4,2014
"240",18.3,2014
"247",37.6,2014
"267",26,2014
"291",21.2,2014
"294",16.4,2014
"300",20.3,2014
"307",12.2,2014
"308",24.5,2014
"313",23.5,2014
"328",6,2014
"331",4.5,2014
"337",31,2014
"340",24,2014
"377",5.4,2014
"380",10.6,2014
"381",11.4,2014
"387",10.7,2014
"394",15.2,2014
"401",21.3,2014
"411",6.9,2014
"417",20.9,2014
"432",26.8,2014
"433",17.4,2014
"441",13.7,2014
"445",15.7,2014
"449",38.2,2014
"471",7.3,2014
"484",22.2,2014
"490",23.8,2014
"515",19.3,2014
"521",19.1,2014
"522",3,2014
"546",37,2014
"548",29.9,2014
"562",23.9,2014
"584",8.4,2014
"587",32.2,2014
"597",23.4,2014
"610",20.4,2014
"634",12,2014
"647",35,2014
"719",17,2014
"745",31.1,2014
"758",26.7,2014
"763",26.3,2014
"784",23.1,2014
"785",38.7,2014
"786",12.4,2014
"791",8.5,2014
"811",26.3,2014
"826",42.1,2014
"830",27.3,2014
"836",45.7,2014
"841",22.2,2014
"851",22.7,2014
"853",35.5,2014
"859",26.5,2014
"867",37,2014
"872",38.6,2014
"878",43.9,2014
"886",37.3,2014
"901",32.9,2014
"902",28.9,2014
"923",39.7,2014
"929",27.9,2014
"935",44,2014
"951",41.9,2014
"963",43.5,2014
"969",24.9,2014
"979",42.9,2014
"980",30.2,2014
"984",53.7,2014
"1052",44.7,2014
"1070",49.6,2014
"1081",61.2,2014
"1089",49,2014
"1093",43,2014
"1106",47.3,2014
"1134",40,2014
"1136",41.8,2014
"1140",31.8,2014
"1147",52,2014
"1166",55.4,2014
"1167",61.3,2014
"1176",46,2014
"1177",50.7,2014
"1178",38.8,2014
"1179",57.6,2014
"1201",51.9,2014
"1209",39.6,2014
"1224",49.6,2014
"1227",67.5,2014
"1229",56,2014
"1230",57.9,2014
"1238",48.9,2014
"1245",50.5,2014
"1271",53.3,2014
"1290",47.1,2014
"1299",40.6,2014
"1307",64.6,2014
"1309",52.2,2014
"1313",49.5,2014
"1393",68,2014
"1404",60.1,2014
"1418",61.2,2014
"1420",67.4,2014
"1423",49.7,2014
"1426",76.5,2014
"1446",72.9,2014
"1449",42.9,2014
"1457",73.3,2014
"1458",65.3,2014
"1460",58.1,2014
"1469",67.1,2014
"1473",49.1,2014
"1474",66.1,2014
"1481",54.7,2014
"1509",63.8,2014
"1528",76,2014
"1546",56.1,2014
"1553",64.2,2014
"1554",75.5,2014
"1574",46.3,2014
"1576",50.9,2014
"1580",62.7,2014
"1597",67.2,2014
"1603",53.1,2014
"1615",47.6,2014
"1626",57,2014
"1636",72.5,2014
"1638",73.6,2014
"1645",71.2,2014
"1655",77.4,2014
"1704",73.1,2014
"1705",71.6,2014
"1710",66.1,2014
"1712",80.1,2014
"1722",63.3,2014
"1741",66.6,2014
"1762",73.5,2014
"1764",75.7,2014
"1772",68.9,2014
"1788",68.6,2014
"1790",70.8,2014
"1798",74,2014
"1807",64.9,2014
"1814",65.9,2014
"1846",68.3,2014
"1849",69.6,2014
"1875",78.7,2014
"1878",76.5,2014
"1895",80.4,2014
"1921",64.2,2014
"1929",67,2014
"1954",65.3,2014
"1959",75.1,2014
"1966",84.8,2014
"1971",79.7,2014
"1980",81.3,2014
"1982",71.3,2014
"1985",77.6,2014
"1992",78.1,2014
"2030",74.8,2014
"2039",73.1,2014
"2061",73.5,2014
"2080",70.1,2014
"2127",68.1,2014
"2142",75.5,2014
"2147",71.3,2014
"2150",69.3,2014
"2156",72.1,2014
"2158",77.9,2014
"2159",64.7,2014
"2187",72,2014
"2199",73,2014
"2202",64.4,2014
"2203",69.2,2014
"2205",74.4,2014
"2210",73.4,2014
"2211",64.8,2014
"2223",67.7,2014
"2239",70.1,2014
"2248",68.3,2014
"2272",78.9,2014
"2277",81.1,2014
"2278",77.7,2014
"2296",75.3,2014
"2302",76.6,2014
"2312",81.5,2014
"2318",73.4,2014
"2319",68,2014
"2323",79.2,2014
"2385",78.3,2014
"2407",73.6,2014
"2412",75.1,2014
"2415",72.5,2014
"2435",66.9,2014
"2436",79.1,2014
"2439",72.9,2014
"2447",72.6,2014
"2457",77.5,2014
"2461",78.1,2014
"2462",72.4,2014
"2468",75.4,2014
"2471",76.8,2014
"2505",74.4,2014
"2510",73.2,2014
"2520",77.7,2014
"2530",69.9,2014
"2533",78.2,2014
"2534",76.5,2014
"2543",68.9,2014
"2546",71.7,2014
"2568",75.6,2014
"2590",78.9,2014
"2598",75.3,2014
"2604",77.1,2014
"2644",67.8,2014
"2648",75.1,2014
"2652",79.5,2014
"2664",78.3,2014
"2674",81.3,2014
"2705",66.8,2014
"2718",68.9,2014
"2721",61.8,2014
"2725",60.6,2014
"2737",69.6,2014
"2738",65.5,2014
"2744",57.5,2014
"2752",73.1,2014
"2757",58.4,2014
"2761",62.3,2014
"2764",75.8,2014
"2769",69.3,2014
"2770",70.6,2014
"2799",57.9,2014
"2806",69.1,2014
"2807",56.1,2014
"2835",68.7,2014
"2840",77,2014
"2846",65.4,2014
"2857",53.3,2014
"2887",69.6,2014
"2900",49.8,2014
"2909",69.8,2014
"2942",56.9,2014
"2950",77.6,2014
"2979",56.6,2014
"2981",74.6,2014
"2993",65.4,2014
"3004",81.1,2014
"3060",59.1,2014
"3069",56.6,2014
"3071",55.5,2014
"3084",45.3,2014
"3093",52.2,2014
"3096",51,2014
"3108",50.3,2014
"3109",69.8,2014
"3119",55.4,2014
"3138",50.4,2014
"3165",55.5,2014
"3190",45.9,2014
"3203",54.9,2014
"3211",62.9,2014
"3215",64.7,2014
"3223",53.9,2014
"3234",56.4,2014
"3238",48.5,2014
"3239",64.2,2014
"3245",50.3,2014
"3246",52.5,2014
"3253",57.5,2014
"3267",55,2014
"3279",48,2014
"3281",44.5,2014
"3298",57.2,2014
"3302",64.2,2014
"3306",61.7,2014
"3322",61.9,2014
"3346",43,2014
"3421",25.5,2014
"3428",27.3,2014
"3448",30.2,2014
"3487",27.9,2014
"3492",49.5,2014
"3494",40,2014
"3506",22.9,2014
"3516",25.2,2014
"3517",40,2014
"3519",28.2,2014
"3542",52.2,2014
"3546",31.5,2014
"3548",52.6,2014
"3563",43.2,2014
"3574",53,2014
"3585",41.1,2014
"3598",15.6,2014
"3602",45.1,2014
"3606",48.8,2014
"3609",24.5,2014
"3614",40.9,2014
"3619",24.6,2014
"3620",50.5,2014
"3622",56.1,2014
"3637",40,2014
"3641",21.1,2014
"3654",48.5,2014
"3660",26.3,2014
"3669",44.1,2014
"3728",31.2,2014
"3730",33,2014
"3741",36.6,2014
"3752",26.8,2014
"3755",34.9,2014
"3764",31.5,2014
"3772",36,2014
"3778",41.5,2014
"3782",36.2,2014
"3784",30.6,2014
"3792",29.7,2014
"3795",41.9,2014
"3801",35.1,2014
"3808",33.9,2014
"3813",30.2,2014
"3826",43.3,2014
"3829",27.8,2014
"3832",49.3,2014
"3833",31.3,2014
"3846",20.3,2014
"3853",29.5,2014
"3870",47,2014
"3887",32.4,2014
"3912",25.3,2014
"3916",46.5,2014
"3917",13.1,2014
"3934",37.4,2014
"3963",45.8,2014
"3967",39,2014
"3975",44.3,2014
"51",32.2,2015
"57",34,2015
"60",13.5,2015
"63",34.3,2015
"67",36.6,2015
"84",29.3,2015
"93",34.2,2015
"112",29.3,2015
"139",38.7,2015
"143",35.1,2015
"151",27.7,2015
"155",31.7,2015
"157",28.7,2015
"170",25.9,2015
"171",28.4,2015
"175",19.3,2015
"177",30.3,2015
"179",4.5,2015
"202",9.2,2015
"213",8,2015
"237",26.3,2015
"246",23.5,2015
"254",36.1,2015
"268",29.7,2015
"269",30.6,2015
"281",36.8,2015
"293",34.1,2015
"317",10.3,2015
"390",11,2015
"391",12.8,2015
"410",10,2015
"421",33.6,2015
"430",16.7,2015
"447",11.4,2015
"448",28.4,2015
"483",14.5,2015
"487",25.4,2015
"493",24.3,2015
"494",24.1,2015
"507",20.2,2015
"516",7.7,2015
"525",18.2,2015
"528",7.3,2015
"535",23.4,2015
"544",32.6,2015
"545",29.3,2015
"553",38.5,2015
"560",7,2015
"568",20.2,2015
"585",9.6,2015
"605",13.9,2015
"613",18.3,2015
"614",31.8,2015
"645",21.1,2015
"690",40,2015
"721",38.8,2015
"724",50.6,2015
"736",37.1,2015
"744",23.8,2015
"746",43.9,2015
"748",22,2015
"757",15.2,2015
"766",29.2,2015
"767",44.7,2015
"769",39.7,2015
"787",44,2015
"793",44.4,2015
"805",44.9,2015
"815",52.5,2015
"825",47.6,2015
"837",30.7,2015
"842",26.6,2015
"843",34.8,2015
"844",32.4,2015
"865",34.1,2015
"880",31.4,2015
"881",40.7,2015
"882",43,2015
"883",30.8,2015
"905",14.7,2015
"906",50.1,2015
"925",61.3,2015
"944",49.1,2015
"959",34.9,2015
"976",44.1,2015
"1029",62.4,2015
"1032",58.2,2015
"1046",55,2015
"1065",54.8,2015
"1086",49.1,2015
"1096",47.2,2015
"1121",47.5,2015
"1122",50.5,2015
"1129",57.5,2015
"1131",52.3,2015
"1135",60.6,2015
"1141",43.6,2015
"1142",44.5,2015
"1162",56.3,2015
"1175",54.6,2015
"1180",52,2015
"1182",58.8,2015
"1205",63.3,2015
"1216",56,2015
"1217",55.9,2015
"1218",62.3,2015
"1223",49.1,2015
"1225",47.1,2015
"1234",42.2,2015
"1239",42.9,2015
"1263",48,2015
"1266",45.9,2015
"1288",50.8,2015
"1319",47.6,2015
"1322",54.5,2015
"1369",68.8,2015
"1384",60.1,2015
"1387",50.3,2015
"1406",65.7,2015
"1430",72.9,2015
"1431",64.9,2015
"1444",56.1,2015
"1459",72,2015
"1463",55.3,2015
"1464",46.2,2015
"1475",49.6,2015
"1480",75.7,2015
"1482",60.5,2015
"1485",54.7,2015
"1493",67.8,2015
"1514",67.6,2015
"1521",60.4,2015
"1569",51.4,2015
"1594",71.2,2015
"1605",74.6,2015
"1611",70.1,2015
"1616",74.9,2015
"1617",48.7,2015
"1622",73.9,2015
"1623",74.3,2015
"1624",70.9,2015
"1631",59.9,2015
"1632",66,2015
"1640",73.3,2015
"1646",54.2,2015
"1700",70.6,2015
"1711",72.3,2015
"1727",65.3,2015
"1731",63.5,2015
"1745",72.1,2015
"1753",58,2015
"1761",73.4,2015
"1763",71,2015
"1776",66.3,2015
"1781",72,2015
"1821",66.5,2015
"1830",70,2015
"1834",62.4,2015
"1839",67.4,2015
"1841",75.9,2015
"1850",70.7,2015
"1863",68.2,2015
"1868",69.7,2015
"1886",63.1,2015
"1905",70.4,2015
"1908",65.9,2015
"1916",74.9,2015
"1917",77.2,2015
"1922",76.8,2015
"1934",81.7,2015
"1957",78.3,2015
"1967",66.8,2015
"1969",76.4,2015
"1975",74.5,2015
"2028",72.2,2015
"2033",71.5,2015
"2043",76,2015
"2049",73.7,2015
"2054",75.9,2015
"2077",75,2015
"2078",77.7,2015
"2081",77.1,2015
"2088",62.5,2015
"2095",68,2015
"2099",77.4,2015
"2110",66.3,2015
"2113",62.6,2015
"2125",80,2015
"2143",77.6,2015
"2193",80.3,2015
"2201",69.4,2015
"2212",82.9,2015
"2215",62.8,2015
"2216",82.1,2015
"2219",79.2,2015
"2222",83.3,2015
"2232",80,2015
"2237",80.8,2015
"2252",78.4,2015
"2253",68.2,2015
"2274",78,2015
"2283",82.5,2015
"2300",80.7,2015
"2317",69,2015
"2327",78,2015
"2368",74.8,2015
"2370",68.8,2015
"2373",71,2015
"2375",64.2,2015
"2380",72.7,2015
"2390",78.1,2015
"2401",74.6,2015
"2420",65.5,2015
"2427",70.8,2015
"2484",79.4,2015
"2487",76.4,2015
"2498",71.7,2015
"2507",76.2,2015
"2509",75.6,2015
"2555",81.2,2015
"2566",75,2015
"2574",80.7,2015
"2580",75,2015
"2583",75.6,2015
"2588",75.3,2015
"2612",77.8,2015
"2624",74.1,2015
"2629",65.4,2015
"2637",73.9,2015
"2645",75.8,2015
"2651",67.2,2015
"2657",67.4,2015
"2662",82.5,2015
"2671",78,2015
"2673",77.8,2015
"2710",62.4,2015
"2719",72.4,2015
"2723",67.8,2015
"2729",70.1,2015
"2762",69.7,2015
"2771",64.5,2015
"2779",76.9,2015
"2791",70.6,2015
"2813",83.6,2015
"2821",82.2,2015
"2824",60.3,2015
"2827",72.4,2015
"2832",82.8,2015
"2836",66.6,2015
"2839",69.2,2015
"2851",69.6,2015
"2858",83.9,2015
"2865",76.9,2015
"2869",75,2015
"2896",73.7,2015
"2906",73.5,2015
"2921",59.2,2015
"2928",74.2,2015
"2952",67.4,2015
"2962",63.4,2015
"2974",67.6,2015
"2978",80,2015
"2985",66.8,2015
"2988",59.2,2015
"3049",46.8,2015
"3056",60.8,2015
"3068",46.9,2015
"3082",52.2,2015
"3086",61.2,2015
"3090",54.4,2015
"3113",55.6,2015
"3126",62.3,2015
"3128",58.4,2015
"3134",48.8,2015
"3162",44.8,2015
"3188",64.5,2015
"3205",62,2015
"3219",51.1,2015
"3225",57.4,2015
"3233",63.3,2015
"3254",52.8,2015
"3264",65,2015
"3274",57.5,2015
"3277",57.3,2015
"3283",66.2,2015
"3294",54.7,2015
"3301",53.4,2015
"3305",42.2,2015
"3312",57.7,2015
"3317",68.2,2015
"3321",53.8,2015
"3326",52.9,2015
"3338",56.6,2015
"3339",57.4,2015
"3341",63.8,2015
"3393",48.9,2015
"3396",46.1,2015
"3402",44,2015
"3438",36.8,2015
"3446",61,2015
"3452",34.7,2015
"3458",31,2015
"3476",60.3,2015
"3493",54.1,2015
"3512",42.3,2015
"3523",42.1,2015
"3534",38.2,2015
"3537",60.3,2015
"3544",44.7,2015
"3562",53.1,2015
"3564",55,2015
"3565",39,2015
"3572",21.4,2015
"3588",46.4,2015
"3618",65.6,2015
"3628",51.7,2015
"3629",47.6,2015
"3634",53.1,2015
"3645",33.6,2015
"3652",60.1,2015
"3655",55.8,2015
"3659",43.3,2015
"3668",46,2015
"3673",49.7,2015
"3721",55.3,2015
"3726",38.7,2015
"3754",37.2,2015
"3758",30.3,2015
"3768",36.3,2015
"3777",28.5,2015
"3804",41.6,2015
"3819",38.3,2015
"3820",36.5,2015
"3822",49.1,2015
"3827",48.2,2015
"3839",41.9,2015
"3864",59.7,2015
"3873",41.6,2015
"3874",34.2,2015
"3875",25.3,2015
"3885",43.2,2015
"3950",43.5,2015
"3966",35.5,2015
"3969",47.8,2015
"3979",50.6,2015
"3981",37.8,2015
"3985",41.2,2015
"3988",34.9,2015
"3989",45.1,2015
"3991",29.8,2015
"4010",50,2015
"4014",35.4,2015
"4017",56.5,2015
"4018",43.2,2015
"42",18.8,2016
"45",21.3,2016
"61",38.6,2016
"62",41.9,2016
"73",40.5,2016
"88",31.1,2016
"98",9,2016
"105",44.6,2016
"121",8.1,2016
"126",27.5,2016
"136",30,2016
"142",34.3,2016
"145",30.5,2016
"146",29.1,2016
"161",28.6,2016
"162",33.9,2016
"163",29.1,2016
"172",8.3,2016
"182",39.9,2016
"192",30.4,2016
"207",41.1,2016
"209",27.3,2016
"221",2.8,2016
"239",28.5,2016
"280",35.7,2016
"285",28.8,2016
"288",20.6,2016
"289",9.6,2016
"297",16.2,2016
"319",33.5,2016
"376",29.2,2016
"393",30.8,2016
"395",36.7,2016
"396",30.5,2016
"398",15.4,2016
"423",22.5,2016
"457",32.3,2016
"458",37.9,2016
"469",41.5,2016
"482",37.1,2016
"488",32.4,2016
"498",28.1,2016
"500",15.2,2016
"523",15.8,2016
"531",20.4,2016
"543",38.1,2016
"559",37.3,2016
"580",37.1,2016
"590",32.7,2016
"601",39.8,2016
"617",34.4,2016
"622",51.2,2016
"623",11.5,2016
"624",42.1,2016
"627",32.5,2016
"628",21,2016
"638",52.2,2016
"649",36.4,2016
"651",50.2,2016
"693",40.1,2016
"694",46.3,2016
"698",44.1,2016
"715",46.1,2016
"743",31.2,2016
"752",45.9,2016
"764",39.5,2016
"770",42.7,2016
"794",34.6,2016
"800",62.1,2016
"801",50.1,2016
"807",48,2016
"810",31.9,2016
"812",52.1,2016
"819",46.2,2016
"829",45.7,2016
"832",23.2,2016
"835",38.8,2016
"845",52.6,2016
"848",42.9,2016
"861",50.2,2016
"894",35.8,2016
"908",52.1,2016
"911",40.8,2016
"928",63.2,2016
"939",50,2016
"947",38.7,2016
"957",51.4,2016
"961",29.8,2016
"965",60.9,2016
"993",54.7,2016
"1048",55.2,2016
"1054",50.2,2016
"1062",46.7,2016
"1071",68.2,2016
"1075",41.4,2016
"1087",49.4,2016
"1105",36.1,2016
"1110",59.6,2016
"1111",61,2016
"1120",44.7,2016
"1127",61.5,2016
"1128",64.7,2016
"1144",46.3,2016
"1151",62.8,2016
"1169",55.9,2016
"1174",39.1,2016
"1184",47.7,2016
"1200",52.2,2016
"1213",54.5,2016
"1221",49.3,2016
"1231",41.3,2016
"1233",72.6,2016
"1246",45.1,2016
"1272",31.1,2016
"1274",46.6,2016
"1277",46.4,2016
"1287",38.9,2016
"1289",40.4,2016
"1308",43.1,2016
"1323",36.8,2016
"1372",60.4,2016
"1374",57.5,2016
"1386",57.2,2016
"1397",67.2,2016
"1402",75.9,2016
"1414",61.6,2016
"1428",68.5,2016
"1433",60.8,2016
"1448",54.2,2016
"1452",57.4,2016
"1455",73.2,2016
"1476",64.5,2016
"1489",55.4,2016
"1498",57.1,2016
"1500",63.4,2016
"1510",75.7,2016
"1519",57.2,2016
"1526",47.3,2016
"1538",49.8,2016
"1541",59.3,2016
"1545",55,2016
"1559",46.9,2016
"1568",74.9,2016
"1572",76.1,2016
"1590",49.5,2016
"1595",52.2,2016
"1607",75.1,2016
"1619",47.7,2016
"1653",73.4,2016
"1658",65.1,2016
"1659",77.9,2016
"1728",72.7,2016
"1730",73.3,2016
"1733",67.9,2016
"1757",80.4,2016
"1760",76.3,2016
"1771",61.5,2016
"1773",71.1,2016
"1774",69.9,2016
"1777",72.1,2016
"1778",63.9,2016
"1783",73.3,2016
"1796",79.5,2016
"1800",72.3,2016
"1804",72.6,2016
"1810",82.8,2016
"1813",85.2,2016
"1842",77.2,2016
"1864",64,2016
"1866",75.2,2016
"1885",69.3,2016
"1893",81.9,2016
"1898",77.1,2016
"1904",72.5,2016
"1912",77.2,2016
"1925",72.8,2016
"1926",70.5,2016
"1946",84.6,2016
"1949",80.6,2016
"1972",73,2016
"1991",72.3,2016
"2053",71.9,2016
"2060",80.7,2016
"2086",69.3,2016
"2093",78.4,2016
"2094",80.9,2016
"2108",67.9,2016
"2116",79.6,2016
"2130",81.5,2016
"2131",75.3,2016
"2146",74.4,2016
"2148",77.2,2016
"2151",74.2,2016
"2160",74.2,2016
"2166",70.4,2016
"2169",72.6,2016
"2173",82.5,2016
"2184",79.6,2016
"2190",86,2016
"2206",78.8,2016
"2208",74.5,2016
"2225",79.1,2016
"2242",81.3,2016
"2256",79.1,2016
"2264",82.9,2016
"2291",78.6,2016
"2292",73.9,2016
"2297",78.8,2016
"2316",81.1,2016
"2324",80.4,2016
"2326",76.5,2016
"2377",74.2,2016
"2410",78.5,2016
"2423",78.4,2016
"2424",83.5,2016
"2429",77.9,2016
"2444",69.6,2016
"2446",76.5,2016
"2463",78.4,2016
"2473",75.6,2016
"2475",83.1,2016
"2490",81.8,2016
"2495",76.6,2016
"2503",79.1,2016
"2514",79.9,2016
"2516",75.9,2016
"2517",79.1,2016
"2521",78.9,2016
"2525",79.2,2016
"2531",80.1,2016
"2538",78.6,2016
"2551",76.4,2016
"2556",68.5,2016
"2575",75.5,2016
"2584",73.6,2016
"2586",78.4,2016
"2595",76.9,2016
"2636",74.6,2016
"2643",81.5,2016
"2646",75.8,2016
"2663",84.6,2016
"2670",76.6,2016
"2704",72,2016
"2709",75,2016
"2747",66.8,2016
"2763",75.2,2016
"2783",74,2016
"2796",70.2,2016
"2810",70.8,2016
"2819",74,2016
"2843",77.3,2016
"2844",70.7,2016
"2847",72.2,2016
"2848",69.8,2016
"2849",70.8,2016
"2850",71.6,2016
"2859",74.4,2016
"2870",83.8,2016
"2889",74.9,2016
"2902",77.3,2016
"2914",70.3,2016
"2917",85.1,2016
"2918",74.8,2016
"2943",77.6,2016
"2953",74.1,2016
"2958",63.3,2016
"2975",73.1,2016
"2983",57.3,2016
"2984",67.8,2016
"2994",62.7,2016
"2998",62.4,2016
"3052",59.8,2016
"3053",63.7,2016
"3067",61.9,2016
"3076",67.8,2016
"3081",54.1,2016
"3083",62.3,2016
"3098",48,2016
"3122",62.1,2016
"3129",51.6,2016
"3133",53.9,2016
"3139",50.4,2016
"3141",48.5,2016
"3142",56.7,2016
"3145",66.7,2016
"3156",54.3,2016
"3175",66.5,2016
"3180",72.2,2016
"3183",49.6,2016
"3185",69.4,2016
"3186",61.4,2016
"3202",67,2016
"3208",49,2016
"3209",49.5,2016
"3263",63.8,2016
"3265",57,2016
"3268",67.1,2016
"3275",56.2,2016
"3287",73.6,2016
"3289",48.3,2016
"3293",58,2016
"3329",74.3,2016
"3390",48.2,2016
"3391",58.3,2016
"3397",32,2016
"3405",49.6,2016
"3412",57.6,2016
"3422",64.6,2016
"3430",57.8,2016
"3445",40,2016
"3468",56.1,2016
"3471",39.4,2016
"3473",39,2016
"3478",45.3,2016
"3481",30.6,2016
"3483",35.5,2016
"3495",49,2016
"3503",41.3,2016
"3504",40.7,2016
"3511",67.1,2016
"3513",45.7,2016
"3536",54.9,2016
"3566",57.1,2016
"3587",42.1,2016
"3605",58.2,2016
"3611",51.5,2016
"3624",46.3,2016
"3633",51.5,2016
"3647",51.4,2016
"3653",51.3,2016
"3656",62.8,2016
"3664",38.9,2016
"3725",33,2016
"3739",34.5,2016
"3756",32.2,2016
"3770",22,2016
"3771",35.8,2016
"3800",23.8,2016
"3802",14.4,2016
"3811",18.4,2016
"3828",38.6,2016
"3841",23.1,2016
"3842",35.6,2016
"3849",27.6,2016
"3854",28.1,2016
"3869",2.2,2016
"3878",27,2016
"3895",33.4,2016
"3904",30.9,2016
"3906",28.1,2016
"3910",34.2,2016
"3913",34.2,2016
"3929",38.9,2016
"3947",37.4,2016
"3962",11.7,2016
"3965",35,2016
"3968",5.8,2016
"3974",22.3,2016
"3976",29.9,2016
"3980",13.4,2016
"3986",32.7,2016
"4003",21,2016
"4008",47.4,2016
"46",28.1,2017
"47",34.3,2017
"64",36.1,2017
"74",38.4,2017
"81",43.9,2017
"83",5.9,2017
"95",30.1,2017
"119",35.6,2017
"124",36.7,2017
"144",33.6,2017
"150",27.6,2017
"164",22.9,2017
"165",49.6,2017
"180",27.7,2017
"185",8.3,2017
"194",40.3,2017
"197",29,2017
"203",24.1,2017
"208",10.9,2017
"210",34.3,2017
"215",10.9,2017
"222",38.7,2017
"223",23.1,2017
"227",38.9,2017
"236",40.7,2017
"263",28.4,2017
"273",19.1,2017
"330",38.2,2017
"335",33.9,2017
"341",39.8,2017
"384",51.4,2017
"418",42.7,2017
"429",35.1,2017
"442",56.9,2017
"446",59.7,2017
"452",37.3,2017
"472",40.8,2017
"496",20.7,2017
"499",55.1,2017
"505",36.1,2017
"510",57.9,2017
"513",52,2017
"532",51.6,2017
"538",35.9,2017
"541",42.8,2017
"542",46.4,2017
"552",34,2017
"554",46,2017
"564",22,2017
"565",20.2,2017
"582",24.1,2017
"589",34.4,2017
"594",33.1,2017
"602",41.4,2017
"606",30.4,2017
"611",32.2,2017
"632",26.7,2017
"644",41.3,2017
"722",41.5,2017
"730",39,2017
"742",29.8,2017
"747",53.1,2017
"755",50,2017
"783",27.1,2017
"834",24,2017
"857",37.8,2017
"860",43.1,2017
"862",39.3,2017
"863",27.8,2017
"866",24.1,2017
"868",33.7,2017
"879",43.3,2017
"897",43.7,2017
"898",42.3,2017
"903",42.4,2017
"907",29,2017
"916",47.9,2017
"927",26.6,2017
"933",42.4,2017
"938",31.8,2017
"940",39.6,2017
"950",54.6,2017
"964",47.3,2017
"967",32.3,2017
"970",59.9,2017
"985",32.4,2017
"986",44.1,2017
"990",54.5,2017
"992",46.3,2017
"1028",49.3,2017
"1040",55.4,2017
"1045",50.3,2017
"1051",59.7,2017
"1063",50.9,2017
"1073",48.2,2017
"1074",57.7,2017
"1085",54.9,2017
"1088",48.6,2017
"1103",64.5,2017
"1117",50.3,2017
"1126",44.2,2017
"1130",49.6,2017
"1137",66.4,2017
"1170",51.2,2017
"1172",43.8,2017
"1206",58.1,2017
"1211",50.6,2017
"1214",47.7,2017
"1215",67.8,2017
"1237",58.4,2017
"1248",68,2017
"1254",71.3,2017
"1280",64.8,2017
"1281",70.3,2017
"1293",45.6,2017
"1298",54.6,2017
"1312",42.9,2017
"1317",44.9,2017
"1321",45.2,2017
"1367",48.3,2017
"1389",48.1,2017
"1424",64.9,2017
"1425",63.4,2017
"1437",55.4,2017
"1440",60.8,2017
"1450",46.6,2017
"1484",59,2017
"1486",58.3,2017
"1492",63.2,2017
"1497",64.8,2017
"1512",67,2017
"1520",63.3,2017
"1535",53.3,2017
"1564",48,2017
"1566",57,2017
"1570",62.1,2017
"1583",66,2017
"1587",60.9,2017
"1588",54.7,2017
"1593",59.1,2017
"1602",46.1,2017
"1612",50.5,2017
"1625",70.1,2017
"1629",48.9,2017
"1635",49,2017
"1639",76.9,2017
"1644",51.7,2017
"1648",48.3,2017
"1654",78.9,2017
"1660",75.5,2017
"1736",71.9,2017
"1769",67.1,2017
"1784",68.5,2017
"1791",73.7,2017
"1812",65.3,2017
"1819",67,2017
"1825",75.6,2017
"1831",70.4,2017
"1833",81,2017
"1848",75.2,2017
"1851",77.2,2017
"1853",84.7,2017
"1876",80.5,2017
"1889",80.3,2017
"1900",70.7,2017
"1914",82.1,2017
"1915",65.4,2017
"1923",79.3,2017
"1931",66.6,2017
"1938",71.3,2017
"1940",70,2017
"1942",77.8,2017
"1947",64.7,2017
"1951",76.2,2017
"1956",76.7,2017
"1958",64.8,2017
"1961",75.6,2017
"1962",69.8,2017
"1984",77.7,2017
"1987",76.1,2017
"2045",76.6,2017
"2046",76,2017
"2064",82.2,2017
"2083",73.5,2017
"2098",78.2,2017
"2109",80.5,2017
"2111",72.2,2017
"2118",76.8,2017
"2132",71,2017
"2134",78.3,2017
"2137",75.2,2017
"2161",77.3,2017
"2176",74.7,2017
"2180",74.5,2017
"2182",73.1,2017
"2186",81.5,2017
"2197",71.5,2017
"2217",69.2,2017
"2218",80.3,2017
"2220",71.5,2017
"2224",81.5,2017
"2260",72.7,2017
"2262",78.6,2017
"2269",75.4,2017
"2288",76.3,2017
"2289",74.2,2017
"2290",78.4,2017
"2309",77.3,2017
"2313",78.2,2017
"2322",73.1,2017
"2325",78,2017
"2369",70.3,2017
"2376",74.6,2017
"2388",70,2017
"2389",69.3,2017
"2393",70.4,2017
"2394",68.6,2017
"2416",64.4,2017
"2419",77.2,2017
"2440",74,2017
"2453",70.6,2017
"2454",74.8,2017
"2455",70.3,2017
"2489",77.2,2017
"2501",69.4,2017
"2519",77.1,2017
"2526",71.9,2017
"2529",76.5,2017
"2549",79.5,2017
"2552",67.7,2017
"2563",70.5,2017
"2589",74,2017
"2601",69.5,2017
"2613",75.6,2017
"2625",67.7,2017
"2628",75.2,2017
"2633",70.1,2017
"2641",75.1,2017
"2656",78.3,2017
"2658",76.8,2017
"2672",62.9,2017
"2706",67.9,2017
"2731",64,2017
"2739",64,2017
"2743",70.3,2017
"2767",67.6,2017
"2777",77.8,2017
"2786",82.3,2017
"2787",62.5,2017
"2790",85.2,2017
"2795",78.4,2017
"2808",84,2017
"2816",84.4,2017
"2818",69.2,2017
"2828",74.9,2017
"2834",58.4,2017
"2841",67,2017
"2845",63.5,2017
"2856",76.7,2017
"2874",64.5,2017
"2877",81.1,2017
"2878",62.9,2017
"2880",82,2017
"2884",64.3,2017
"2897",70.8,2017
"2901",60.6,2017
"2913",64.5,2017
"2939",61.8,2017
"2972",73.5,2017
"2977",64.1,2017
"2996",68.4,2017
"3051",67.5,2017
"3073",65.9,2017
"3080",64.6,2017
"3095",62.1,2017
"3121",61.1,2017
"3135",65.2,2017
"3146",44.8,2017
"3148",58.1,2017
"3149",40,2017
"3151",64.7,2017
"3155",52.3,2017
"3159",53.1,2017
"3167",61.5,2017
"3170",72.2,2017
"3176",47.8,2017
"3207",70.5,2017
"3212",70.7,2017
"3216",48.2,2017
"3247",38.7,2017
"3256",63.9,2017
"3270",65.5,2017
"3276",57.4,2017
"3286",68.6,2017
"3292",45.3,2017
"3295",60,2017
"3303",37.8,2017
"3307",45,2017
"3310",66,2017
"3330",59.5,2017
"3336",70.5,2017
"3344",60.9,2017
"3404",39,2017
"3407",46.3,2017
"3413",37.9,2017
"3416",37.8,2017
"3426",47.6,2017
"3449",44.3,2017
"3463",30.1,2017
"3497",39.8,2017
"3507",29.2,2017
"3510",38.9,2017
"3518",40.8,2017
"3521",45.9,2017
"3525",46,2017
"3526",43.4,2017
"3533",47.9,2017
"3539",51.5,2017
"3543",37.2,2017
"3554",39.5,2017
"3560",47.3,2017
"3568",39,2017
"3571",24.9,2017
"3573",41.7,2017
"3590",48.8,2017
"3596",55.8,2017
"3613",44.8,2017
"3615",35,2017
"3621",39.2,2017
"3631",42.1,2017
"3649",36.2,2017
"3657",43.7,2017
"3720",42.2,2017
"3723",38.8,2017
"3731",44.2,2017
"3732",1.1,2017
"3737",44.6,2017
"3751",2.3,2017
"3760",38.7,2017
"3762",35.1,2017
"3783",12.7,2017
"3790",31.5,2017
"3791",36.1,2017
"3793",7.2,2017
"3806",39.5,2017
"3831",26.9,2017
"3844",22.4,2017
"3858",43.7,2017
"3862",32.8,2017
"3871",3.6,2017
"3877",25.6,2017
"3893",26.8,2017
"3927",44.2,2017
"3940",31.7,2017
"3959",25.2,2017
"3961",10.5,2017
"3983",25.2,2017
"3998",27.9,2017
"4000",30,2017
"4009",25.2,2017
"4012",57.1,2017
"4015",41.3,2017
"49",6.7,2018
"71",41.8,2018
"107",29.4,2018
"122",30.5,2018
"123",36.3,2018
"131",22.2,2018
"153",13.2,2018
"158",14.4,2018
"168",8.3,2018
"169",34,2018
"174",32.9,2018
"181",14.3,2018
"188",-2.8,2018
"191",12.2,2018
"198",17.7,2018
"211",19,2018
"225",5.3,2018
"242",28.4,2018
"257",39.7,2018
"259",38.6,2018
"272",22.6,2018
"274",48.9,2018
"278",32.6,2018
"299",35.8,2018
"302",14,2018
"304",48.5,2018
"305",43.4,2018
"320",56.6,2018
"334",36,2018
"338",24.3,2018
"382",13.4,2018
"415",6.6,2018
"419",24.5,2018
"427",16.9,2018
"435",34,2018
"453",14.4,2018
"460",22.4,2018
"461",21,2018
"465",51.8,2018
"467",41.5,2018
"470",18.4,2018
"481",44.5,2018
"485",32.8,2018
"503",25.4,2018
"504",41.9,2018
"518",40.7,2018
"520",24.8,2018
"524",11.8,2018
"530",29,2018
"570",34.6,2018
"571",37.7,2018
"576",36.2,2018
"588",27.6,2018
"596",26.7,2018
"599",50.1,2018
"612",59.3,2018
"618",28.8,2018
"641",41.6,2018
"688",40.8,2018
"699",45.7,2018
"720",37.4,2018
"727",35.3,2018
"729",30.1,2018
"734",38.1,2018
"751",39.9,2018
"756",33.4,2018
"768",39.6,2018
"778",38.6,2018
"789",36.7,2018
"797",36.1,2018
"799",36.7,2018
"803",28.8,2018
"806",35.1,2018
"822",32.6,2018
"823",45.4,2018
"854",49.9,2018
"870",36.9,2018
"877",41.4,2018
"887",31.8,2018
"891",34.3,2018
"893",37.9,2018
"914",31.7,2018
"920",31.7,2018
"922",34.6,2018
"934",39.5,2018
"941",36.8,2018
"953",33.8,2018
"955",46,2018
"981",41.5,2018
"1030",47.2,2018
"1031",49.3,2018
"1058",32.3,2018
"1069",34.5,2018
"1082",37.1,2018
"1083",41.1,2018
"1084",44.5,2018
"1091",31.9,2018
"1099",46.8,2018
"1101",48.5,2018
"1116",45.8,2018
"1118",55.8,2018
"1119",51.9,2018
"1125",33.1,2018
"1138",29.2,2018
"1143",51,2018
"1165",33.8,2018
"1171",57.9,2018
"1183",49,2018
"1190",35.1,2018
"1196",51.9,2018
"1199",40.2,2018
"1208",31.3,2018
"1210",43.9,2018
"1222",35,2018
"1235",59.5,2018
"1262",36.7,2018
"1264",32.8,2018
"1265",35.6,2018
"1304",40.4,2018
"1365",78.3,2018
"1368",61.1,2018
"1370",63.7,2018
"1371",60,2018
"1381",78.5,2018
"1382",83.4,2018
"1390",77.7,2018
"1429",71.8,2018
"1435",69.8,2018
"1453",62.6,2018
"1472",58.4,2018
"1478",60.3,2018
"1483",70.7,2018
"1488",65.2,2018
"1491",49.1,2018
"1501",54.8,2018
"1507",54.4,2018
"1525",63.5,2018
"1529",65.4,2018
"1532",77.7,2018
"1552",53.5,2018
"1556",77.5,2018
"1567",66.1,2018
"1573",51.5,2018
"1620",64,2018
"1621",84.1,2018
"1628",71.1,2018
"1633",63.8,2018
"1657",67.9,2018
"1664",77.2,2018
"1706",70.6,2018
"1725",72.9,2018
"1751",65.5,2018
"1755",65.6,2018
"1770",70.4,2018
"1786",76.1,2018
"1797",68.3,2018
"1799",75.1,2018
"1806",73.8,2018
"1817",73.3,2018
"1820",64.1,2018
"1823",66.5,2018
"1827",83.5,2018
"1832",76.6,2018
"1845",70.1,2018
"1847",86.3,2018
"1855",60.9,2018
"1859",63.2,2018
"1860",73.7,2018
"1865",74.9,2018
"1871",73.3,2018
"1879",66.5,2018
"1881",68,2018
"1892",87.3,2018
"1903",63.5,2018
"1928",86.7,2018
"1941",67.2,2018
"1968",67.5,2018
"1970",82.2,2018
"2027",79.1,2018
"2029",78.3,2018
"2050",75.7,2018
"2051",77.2,2018
"2056",75.6,2018
"2065",74.3,2018
"2079",81,2018
"2090",71.9,2018
"2091",72.6,2018
"2123",72.4,2018
"2124",82.1,2018
"2136",79.3,2018
"2138",73.6,2018
"2139",83.9,2018
"2140",78.3,2018
"2145",78.5,2018
"2165",77,2018
"2168",80.1,2018
"2174",72.5,2018
"2191",71.1,2018
"2204",71.7,2018
"2240",76.7,2018
"2241",77.5,2018
"2245",82.2,2018
"2247",71.6,2018
"2265",75.7,2018
"2275",71.5,2018
"2276",74.8,2018
"2299",83,2018
"2311",80.3,2018
"2396",76.5,2018
"2408",74.6,2018
"2409",80.5,2018
"2422",68.5,2018
"2441",72.4,2018
"2458",77.9,2018
"2499",79.9,2018
"2508",76.7,2018
"2511",78.4,2018
"2522",80.2,2018
"2528",77.1,2018
"2532",77.7,2018
"2536",77.3,2018
"2540",75.7,2018
"2541",76.5,2018
"2544",70.9,2018
"2553",83.5,2018
"2579",79.3,2018
"2582",78.5,2018
"2597",71.1,2018
"2600",77.8,2018
"2616",72.9,2018
"2619",73.7,2018
"2626",69.2,2018
"2627",84.5,2018
"2631",83.2,2018
"2632",75.8,2018
"2654",73.1,2018
"2659",83.1,2018
"2660",72.2,2018
"2669",86.2,2018
"2715",79.1,2018
"2741",51.2,2018
"2748",67.5,2018
"2754",65.1,2018
"2765",66.9,2018
"2772",68.5,2018
"2778",58.2,2018
"2781",61.2,2018
"2801",59.3,2018
"2803",70.6,2018
"2823",79.9,2018
"2826",70.3,2018
"2830",59,2018
"2852",74.9,2018
"2866",61.5,2018
"2876",71.1,2018
"2882",70.6,2018
"2898",75.3,2018
"2899",68.9,2018
"2912",78.1,2018
"2925",82.3,2018
"2930",66.6,2018
"2957",78.4,2018
"2966",83.1,2018
"2967",60.3,2018
"2982",65,2018
"2987",78.6,2018
"2992",67.1,2018
"3000",73.2,2018
"3055",44.9,2018
"3059",44.3,2018
"3074",49.8,2018
"3101",46.9,2018
"3105",48.9,2018
"3107",62.5,2018
"3111",47.9,2018
"3112",40.2,2018
"3125",45.5,2018
"3147",41.6,2018
"3150",47.8,2018
"3154",59.2,2018
"3161",55,2018
"3164",48.6,2018
"3174",64.9,2018
"3184",53.5,2018
"3199",77.3,2018
"3214",58.3,2018
"3218",47.6,2018
"3221",70.9,2018
"3228",72.9,2018
"3244",44.5,2018
"3262",64.1,2018
"3278",49.1,2018
"3309",38.1,2018
"3316",66.2,2018
"3318",51.3,2018
"3319",47.7,2018
"3320",44,2018
"3337",71.3,2018
"3347",47.4,2018
"3400",25.8,2018
"3406",36.2,2018
"3424",31,2018
"3434",22.1,2018
"3436",32.1,2018
"3439",43,2018
"3442",34.8,2018
"3443",28.4,2018
"3460",34.4,2018
"3464",33,2018
"3472",34.5,2018
"3477",33.9,2018
"3485",35.9,2018
"3499",24,2018
"3529",34.2,2018
"3532",32.3,2018
"3541",35,2018
"3553",25.2,2018
"3556",45.4,2018
"3559",48.3,2018
"3567",32.6,2018
"3577",40.8,2018
"3589",45.2,2018
"3599",49,2018
"3610",50.7,2018
"3638",25.3,2018
"3644",38.5,2018
"3646",48.3,2018
"3650",39.5,2018
"3666",31.3,2018
"3719",25.1,2018
"3729",24.5,2018
"3750",34.3,2018
"3759",36.9,2018
"3761",30.5,2018
"3773",45.4,2018
"3780",40.6,2018
"3787",31.3,2018
"3794",36.7,2018
"3796",24,2018
"3812",30.5,2018
"3816",35.6,2018
"3818",38.5,2018
"3852",34.4,2018
"3857",30.7,2018
"3865",30.8,2018
"3879",40.1,2018
"3891",28.3,2018
"3903",21.5,2018
"3921",29.5,2018
"3924",27,2018
"3946",43.4,2018
"3952",36,2018
"3964",36.9,2018
"3984",43.8,2018
"3987",30.3,2018
"3992",36.4,2018
"3994",38.5,2018
"3996",34.8,2018
"4005",43.2,2018
"82",26.7,2019
"85",31.5,2019
"97",5.5,2019
"101",26.2,2019
"113",-12.5,2019
"115",4.6,2019
"116",30.8,2019
"125",19.4,2019
"128",39.8,2019
"132",37.9,2019
"134",20.3,2019
"135",31.4,2019
"138",30.3,2019
"184",10.9,2019
"189",32.4,2019
"201",26.4,2019
"205",29.5,2019
"238",31.5,2019
"245",30.3,2019
"249",40.2,2019
"265",17.9,2019
"282",20.4,2019
"287",2.8,2019
"292",6.4,2019
"303",14.8,2019
"309",45.6,2019
"310",23.8,2019
"321",27.6,2019
"324",42.8,2019
"375",9.2,2019
"386",24.1,2019
"397",35.6,2019
"409",24.9,2019
"416",30.4,2019
"426",26.8,2019
"436",26.6,2019
"439",36.8,2019
"443",41,2019
"455",30.8,2019
"463",22.2,2019
"464",47.3,2019
"474",34.5,2019
"491",13.5,2019
"497",21.5,2019
"509",26.7,2019
"511",29.6,2019
"512",20.1,2019
"517",26.3,2019
"561",31.6,2019
"577",31.9,2019
"600",31.6,2019
"608",23.7,2019
"629",35.9,2019
"633",20.6,2019
"640",15.6,2019
"643",11.5,2019
"650",36.3,2019
"696",28.6,2019
"697",29.4,2019
"703",37.9,2019
"712",47.5,2019
"759",39.8,2019
"774",23.8,2019
"790",36.3,2019
"792",42.5,2019
"795",36.1,2019
"796",30.8,2019
"798",36.1,2019
"809",46,2019
"818",33.3,2019
"827",40.4,2019
"828",47.1,2019
"831",24.2,2019
"838",36,2019
"858",53.5,2019
"869",35.5,2019
"873",31.9,2019
"875",42.8,2019
"885",6.6,2019
"904",18.1,2019
"919",40.6,2019
"942",37.6,2019
"943",13.2,2019
"948",40.2,2019
"952",35,2019
"971",38.6,2019
"977",56.2,2019
"991",37.9,2019
"1035",57.7,2019
"1047",53.9,2019
"1061",45,2019
"1076",52.3,2019
"1077",39.9,2019
"1095",59.6,2019
"1114",57.8,2019
"1115",46.7,2019
"1123",44.3,2019
"1146",47,2019
"1148",59.4,2019
"1154",46.1,2019
"1164",59.1,2019
"1192",57.9,2019
"1193",60.9,2019
"1203",41.5,2019
"1232",62.7,2019
"1242",58.6,2019
"1249",46.8,2019
"1252",36.5,2019
"1261",68.4,2019
"1270",37.1,2019
"1276",42.9,2019
"1278",44.9,2019
"1283",45.6,2019
"1295",50.6,2019
"1297",56.5,2019
"1303",41.6,2019
"1315",44.5,2019
"1316",50.6,2019
"1363",63.6,2019
"1395",70.9,2019
"1396",50.9,2019
"1417",45.8,2019
"1427",58.8,2019
"1445",67,2019
"1447",64.5,2019
"1451",50.1,2019
"1456",55.7,2019
"1470",60.7,2019
"1471",48.1,2019
"1487",50.4,2019
"1490",47.2,2019
"1496",48.6,2019
"1508",66.9,2019
"1518",71.4,2019
"1522",76.4,2019
"1536",60,2019
"1555",53.7,2019
"1558",72.1,2019
"1561",63.2,2019
"1571",47.4,2019
"1579",62.7,2019
"1592",57.5,2019
"1601",52.9,2019
"1606",49.5,2019
"1610",63.9,2019
"1641",54.1,2019
"1647",58,2019
"1652",65.7,2019
"1656",66.1,2019
"1702",65.1,2019
"1714",58.9,2019
"1732",69.7,2019
"1737",66.4,2019
"1748",77.9,2019
"1750",80.4,2019
"1758",59.8,2019
"1780",69.9,2019
"1785",63,2019
"1795",69.5,2019
"1808",67.4,2019
"1811",75.5,2019
"1815",79.3,2019
"1818",59.9,2019
"1824",68.6,2019
"1843",60.9,2019
"1852",67,2019
"1854",67.3,2019
"1857",60.4,2019
"1870",74.2,2019
"1919",67.4,2019
"1920",69.1,2019
"1933",78.5,2019
"1943",68.3,2019
"1953",73.2,2019
"1973",74,2019
"1976",66,2019
"1978",59,2019
"1979",71.4,2019
"1986",78.4,2019
"2047",74.3,2019
"2062",79.2,2019
"2063",74.1,2019
"2067",81.6,2019
"2074",71.7,2019
"2082",76.8,2019
"2084",78.8,2019
"2104",82.8,2019
"2105",73.3,2019
"2154",78.7,2019
"2167",73.3,2019
"2171",70.3,2019
"2178",80.2,2019
"2183",85,2019
"2196",77.5,2019
"2214",70.8,2019
"2221",82.4,2019
"2227",77.6,2019
"2233",86.5,2019
"2234",76.7,2019
"2250",80.1,2019
"2251",84.9,2019
"2254",75.7,2019
"2271",72,2019
"2273",81.5,2019
"2281",80.2,2019
"2295",79.2,2019
"2301",82.3,2019
"2303",71.9,2019
"2305",77.3,2019
"2306",86,2019
"2381",74.7,2019
"2383",76.5,2019
"2386",77.8,2019
"2395",79.4,2019
"2400",73.8,2019
"2451",74.2,2019
"2474",71,2019
"2480",75.7,2019
"2494",75,2019
"2523",71.5,2019
"2527",76.1,2019
"2535",69.4,2019
"2537",75.9,2019
"2539",70,2019
"2559",77.1,2019
"2560",74,2019
"2564",77.8,2019
"2576",80.1,2019
"2578",70.8,2019
"2587",72.2,2019
"2592",77.3,2019
"2594",70.6,2019
"2599",68.3,2019
"2608",74.3,2019
"2621",73.2,2019
"2622",72.9,2019
"2623",73.8,2019
"2635",80.2,2019
"2649",75.1,2019
"2650",69.6,2019
"2666",71.5,2019
"2707",76,2019
"2711",71.3,2019
"2726",72.2,2019
"2732",64.8,2019
"2740",74.3,2019
"2766",67.5,2019
"2768",70.3,2019
"2773",72.6,2019
"2805",66.1,2019
"2812",66.8,2019
"2822",67.4,2019
"2831",68.4,2019
"2838",64.1,2019
"2868",68.1,2019
"2881",68.1,2019
"2885",68.4,2019
"2888",68.4,2019
"2890",71.6,2019
"2894",68.8,2019
"2904",70.8,2019
"2905",76.6,2019
"2908",73.9,2019
"2931",63.6,2019
"2934",73.2,2019
"2936",81.6,2019
"2951",79.4,2019
"2955",74.2,2019
"2960",64.7,2019
"2989",75.1,2019
"3001",73.1,2019
"3046",48.8,2019
"3048",46.9,2019
"3057",59.8,2019
"3066",47,2019
"3079",56.7,2019
"3104",49.2,2019
"3110",79.7,2019
"3127",60.1,2019
"3130",68.3,2019
"3131",49.2,2019
"3136",56.3,2019
"3144",61.7,2019
"3158",56,2019
"3166",62.9,2019
"3169",48.6,2019
"3179",46.5,2019
"3181",54.1,2019
"3194",38.5,2019
"3210",60.3,2019
"3249",63.1,2019
"3250",60,2019
"3257",52.3,2019
"3259",42.3,2019
"3266",44.9,2019
"3291",36,2019
"3299",48.1,2019
"3304",50.3,2019
"3313",49.5,2019
"3314",44.2,2019
"3323",50.8,2019
"3335",58.3,2019
"3401",37.9,2019
"3403",37.2,2019
"3408",42.5,2019
"3419",38.3,2019
"3425",34.2,2019
"3432",32.4,2019
"3444",42.1,2019
"3454",39.4,2019
"3461",34.7,2019
"3462",42.1,2019
"3470",28.4,2019
"3475",45.5,2019
"3479",28.5,2019
"3496",33.1,2019
"3498",48.6,2019
"3505",24.6,2019
"3527",34.8,2019
"3540",40.4,2019
"3555",37.2,2019
"3557",39.1,2019
"3561",30.2,2019
"3575",35.2,2019
"3576",14.9,2019
"3580",17.3,2019
"3592",39.5,2019
"3597",38.5,2019
"3623",40.9,2019
"3639",30.5,2019
"3663",47.8,2019
"3677",45.8,2019
"3722",31.3,2019
"3748",27.8,2019
"3763",36.8,2019
"3774",40.4,2019
"3775",39,2019
"3785",40.8,2019
"3786",36,2019
"3817",32,2019
"3823",42.8,2019
"3825",39.7,2019
"3847",48.8,2019
"3850",24.8,2019
"3867",56.3,2019
"3872",38.3,2019
"3882",34.2,2019
"3888",24.3,2019
"3899",21.3,2019
"3902",39.9,2019
"3915",33.5,2019
"3918",33.3,2019
"3928",40.5,2019
"3939",54.3,2019
"3941",39.2,2019
"3955",26.6,2019
"3960",30.1,2019
"3970",19.2,2019
"3972",37.6,2019
"3995",23.2,2019
"4004",47.2,2019
"4007",39,2019
"4013",27.7,2019
"1",32.8,2020
"2",31.7,2020
"5",33.6,2020
"6",32.7,2020
"7",23.6,2020
"11",22.1,2020
"12",32.5,2020
"14",34.1,2020
"18",32.2,2020
"19",33.2,2020
"24",28.2,2020
"26",36.6,2020
"27",34.2,2020
"28",33.5,2020
"29",34.9,2020
"30",32.6,2020
"35",32.3,2020
"36",34.2,2020
"39",30.9,2020
"40",36.3,2020
"56",31.1,2020
"78",36.1,2020
"79",39.6,2020
"94",23,2020
"195",26.1,2020
"235",24.7,2020
"251",42.4,2020
"326",28.5,2020
"327",46.5,2020
"336",10.2,2020
"344",32,2020
"345",29.5,2020
"346",6.3,2020
"349",39.5,2020
"350",29.7,2020
"351",41.4,2020
"352",25.1,2020
"354",25.3,2020
"355",19.7,2020
"356",23.6,2020
"362",34.1,2020
"366",42.1,2020
"367",30,2020
"369",41.7,2020
"371",31.2,2020
"372",37.7,2020
"405",30.7,2020
"413",29.7,2020
"534",29.9,2020
"537",35.7,2020
"557",18.6,2020
"558",36.7,2020
"567",21.9,2020
"572",27.1,2020
"573",28.6,2020
"575",30.5,2020
"583",24.5,2020
"636",36.3,2020
"653",35.6,2020
"656",42.4,2020
"658",30.7,2020
"659",44.6,2020
"660",39.6,2020
"661",49.3,2020
"662",45.3,2020
"664",41.6,2020
"665",47.8,2020
"666",40.6,2020
"667",35.3,2020
"669",30.5,2020
"671",35,2020
"672",48.1,2020
"674",43.9,2020
"675",54.1,2020
"676",49.8,2020
"677",43.4,2020
"682",39.2,2020
"687",52.2,2020
"704",38.5,2020
"705",36,2020
"717",45.4,2020
"732",43,2020
"733",38.6,2020
"740",41.3,2020
"871",38.7,2020
"884",40.1,2020
"974",45,2020
"975",36.1,2020
"978",42.1,2020
"995",54.2,2020
"997",48.1,2020
"998",42.9,2020
"999",37.6,2020
"1000",37,2020
"1001",33.5,2020
"1003",50.6,2020
"1006",47.4,2020
"1010",55.7,2020
"1011",42,2020
"1012",40.5,2020
"1014",46.8,2020
"1016",53.3,2020
"1017",44.3,2020
"1019",45.8,2020
"1020",59.1,2020
"1022",43.4,2020
"1024",48.9,2020
"1026",35.8,2020
"1039",46.3,2020
"1057",44,2020
"1066",44.6,2020
"1067",51.4,2020
"1157",62.3,2020
"1161",50.1,2020
"1198",64.8,2020
"1294",56.6,2020
"1301",46,2020
"1305",44.8,2020
"1326",60.8,2020
"1328",78.2,2020
"1333",61.3,2020
"1334",66.2,2020
"1337",49.6,2020
"1339",60.7,2020
"1343",66.8,2020
"1344",60.2,2020
"1346",44.9,2020
"1348",59.5,2020
"1351",47.3,2020
"1352",48.7,2020
"1353",74.6,2020
"1354",55.4,2020
"1356",43.3,2020
"1373",51.6,2020
"1375",61.6,2020
"1379",74.8,2020
"1394",42.9,2020
"1400",79.1,2020
"1412",49,2020
"1530",66,2020
"1533",65.7,2020
"1539",58.9,2020
"1544",78.7,2020
"1551",43.1,2020
"1557",54.6,2020
"1565",55.1,2020
"1577",67.9,2020
"1665",64.2,2020
"1667",79.7,2020
"1668",81,2020
"1671",75.4,2020
"1672",70.2,2020
"1673",76,2020
"1675",74.1,2020
"1676",62.2,2020
"1677",70.3,2020
"1678",75.6,2020
"1679",77.7,2020
"1680",75.3,2020
"1682",75.1,2020
"1683",78.8,2020
"1685",77.8,2020
"1686",79.7,2020
"1687",78.1,2020
"1688",81.9,2020
"1689",77.5,2020
"1690",69.4,2020
"1697",77.8,2020
"1698",81,2020
"1721",73,2020
"1759",77.2,2020
"1767",67.5,2020
"1873",69.3,2020
"1877",69.5,2020
"1883",60,2020
"1983",76.7,2020
"1999",77.6,2020
"2001",77,2020
"2002",86.1,2020
"2003",80.4,2020
"2010",76.4,2020
"2012",78,2020
"2013",79.8,2020
"2015",78.3,2020
"2016",84.1,2020
"2017",73.7,2020
"2019",82.5,2020
"2021",82.1,2020
"2022",79,2020
"2023",79.3,2020
"2025",80.1,2020
"2042",79.6,2020
"2044",75.7,2020
"2058",85.1,2020
"2066",82.2,2020
"2069",76.8,2020
"2072",75.1,2020
"2085",80.3,2020
"2096",74.7,2020
"2103",81,2020
"2117",79,2020
"2120",72.8,2020
"2129",81.3,2020
"2257",78.4,2020
"2261",74.9,2020
"2263",84.6,2020
"2284",75.1,2020
"2336",76.5,2020
"2338",76.1,2020
"2339",72.3,2020
"2344",74.5,2020
"2345",78,2020
"2346",72.2,2020
"2348",79.1,2020
"2349",76.8,2020
"2353",84.5,2020
"2355",74,2020
"2358",71.8,2020
"2359",83.4,2020
"2360",66.9,2020
"2364",79.3,2020
"2397",71.5,2020
"2404",73.9,2020
"2421",77.3,2020
"2426",73.6,2020
"2438",78.9,2020
"2442",74.5,2020
"2448",66.9,2020
"2467",74.6,2020
"2470",83.2,2020
"2476",73.7,2020
"2492",79.3,2020
"2603",81,2020
"2610",74,2020
"2611",68.1,2020
"2615",84.5,2020
"2617",83,2020
"2677",65.7,2020
"2678",63.6,2020
"2679",67.6,2020
"2681",70.6,2020
"2683",60.2,2020
"2685",67.7,2020
"2686",67.7,2020
"2687",70.5,2020
"2693",63,2020
"2694",62.6,2020
"2695",53.5,2020
"2696",56.6,2020
"2699",64.4,2020
"2702",76.5,2020
"2703",57.8,2020
"2730",66.4,2020
"2733",55,2020
"2758",68.4,2020
"2760",64,2020
"2782",67.5,2020
"2800",72.7,2020
"2910",76,2020
"2923",69,2020
"2941",74.7,2020
"2945",69,2020
"2959",69.4,2020
"2963",72.8,2020
"2964",59.4,2020
"2965",71.2,2020
"2970",67.8,2020
"3007",35.8,2020
"3008",50.3,2020
"3012",39.9,2020
"3013",46.6,2020
"3016",61.8,2020
"3017",59.5,2020
"3020",44.6,2020
"3023",43,2020
"3025",50.8,2020
"3027",67.2,2020
"3028",57.5,2020
"3029",41.5,2020
"3034",49.2,2020
"3035",39,2020
"3036",49.1,2020
"3037",68.3,2020
"3039",63.9,2020
"3040",45,2020
"3041",60.5,2020
"3042",56.3,2020
"3043",62.2,2020
"3231",37.3,2020
"3237",49.4,2020
"3243",52.9,2020
"3251",59.6,2020
"3261",45.3,2020
"3272",52.5,2020
"3282",60.5,2020
"3285",42.7,2020
"3332",57.6,2020
"3334",50.2,2020
"3351",45.1,2020
"3354",62.2,2020
"3356",51.2,2020
"3359",37.8,2020
"3361",37.5,2020
"3363",63,2020
"3364",41,2020
"3366",60.8,2020
"3371",42.3,2020
"3373",43.9,2020
"3374",69.4,2020
"3375",64.7,2020
"3378",38,2020
"3381",41.6,2020
"3384",34.8,2020
"3385",58,2020
"3387",38,2020
"3388",70.1,2020
"3409",42.2,2020
"3440",40.3,2020
"3450",44,2020
"3459",40.8,2020
"3465",42.6,2020
"3550",35.8,2020
"3600",37.1,2020
"3601",59.9,2020
"3661",53.5,2020
"3662",43.8,2020
"3667",43.9,2020
"3675",46,2020
"3678",35.3,2020
"3679",32.9,2020
"3680",38.1,2020
"3684",33,2020
"3688",36.8,2020
"3689",39.3,2020
"3690",24.9,2020
"3691",38.7,2020
"3695",35.4,2020
"3696",30.5,2020
"3701",32.7,2020
"3702",26.8,2020
"3704",30.7,2020
"3705",30.3,2020
"3706",14.4,2020
"3707",26.2,2020
"3709",29.5,2020
"3710",33.2,2020
"3712",32.6,2020
"3714",38.3,2020
"3716",46.9,2020
"3717",23.1,2020
"3733",35,2020
"3740",33.7,2020
"3744",35.7,2020
"3789",42.7,2020
"3933",36.3,2020
"3938",40.5,2020
"3951",43,2020
"3954",23.9,2020
"3958",37.5,2020
"3",28.9,2021
"4",33.8,2021
"8",27.6,2021
"9",31.6,2021
"10",37.2,2021
"13",32.8,2021
"15",25.3,2021
"16",28.8,2021
"17",18.8,2021
"20",33.6,2021
"21",37,2021
"22",30.9,2021
"23",25.7,2021
"31",35.5,2021
"32",23.9,2021
"34",31.3,2021
"37",29.7,2021
"38",31,2021
"52",23.6,2021
"54",32.3,2021
"58",33,2021
"68",30.4,2021
"69",19,2021
"89",32.9,2021
"92",34.8,2021
"231",35.2,2021
"243",26.6,2021
"252",23.6,2021
"256",32.4,2021
"332",35.3,2021
"342",6.7,2021
"343",20.2,2021
"347",26.8,2021
"348",33.4,2021
"353",16.5,2021
"357",34,2021
"358",17.2,2021
"359",1.2,2021
"360",14.6,2021
"361",9.7,2021
"363",12.8,2021
"364",31,2021
"365",2.6,2021
"370",32.6,2021
"373",9.7,2021
"374",18.1,2021
"385",40.4,2021
"388",15.2,2021
"389",26.6,2021
"406",16.9,2021
"412",10.9,2021
"428",11.8,2021
"529",26.2,2021
"540",40.2,2021
"563",41.5,2021
"579",32.8,2021
"586",42.8,2021
"654",45,2021
"655",34.7,2021
"657",44.3,2021
"663",48,2021
"668",35.4,2021
"670",32.5,2021
"673",44.4,2021
"678",39.1,2021
"679",57.3,2021
"680",44.5,2021
"681",35.4,2021
"683",39.1,2021
"684",47.6,2021
"685",56.4,2021
"686",39.3,2021
"700",44.1,2021
"701",42.6,2021
"707",36.1,2021
"739",37.4,2021
"849",57.8,2021
"850",51.2,2021
"852",56.5,2021
"889",36.3,2021
"890",42.4,2021
"899",35.6,2021
"900",30.5,2021
"910",52.1,2021
"915",48.3,2021
"917",54.8,2021
"972",56.5,2021
"973",60.3,2021
"994",53,2021
"996",45.6,2021
"1002",44.9,2021
"1004",37.2,2021
"1005",53.2,2021
"1007",43.2,2021
"1008",52.9,2021
"1009",67.3,2021
"1013",54.9,2021
"1015",50.1,2021
"1018",52.2,2021
"1021",39.2,2021
"1023",71.2,2021
"1025",73.6,2021
"1027",54.8,2021
"1033",54.7,2021
"1037",50.9,2021
"1041",45.3,2021
"1043",49.9,2021
"1060",60.9,2021
"1068",39.8,2021
"1072",51.9,2021
"1153",63.9,2021
"1159",49.8,2021
"1160",45,2021
"1163",33.7,2021
"1168",70.1,2021
"1187",55.7,2021
"1195",45.9,2021
"1291",52.1,2021
"1324",62.6,2021
"1327",77.6,2021
"1329",45.3,2021
"1330",63.1,2021
"1331",56.1,2021
"1335",46.2,2021
"1336",51.1,2021
"1338",49.9,2021
"1340",55.5,2021
"1341",71.1,2021
"1342",73.7,2021
"1345",65.5,2021
"1347",50.3,2021
"1349",49.7,2021
"1350",77.1,2021
"1355",58.6,2021
"1357",79.2,2021
"1358",52,2021
"1359",63.8,2021
"1360",48.9,2021
"1361",73.4,2021
"1362",57.1,2021
"1377",63.8,2021
"1388",58.4,2021
"1392",55.2,2021
"1403",60.9,2021
"1405",75.7,2021
"1531",47.3,2021
"1534",74.8,2021
"1540",68.5,2021
"1581",45.5,2021
"1666",76.8,2021
"1669",76.9,2021
"1670",77.1,2021
"1674",73.3,2021
"1681",71.4,2021
"1684",75.6,2021
"1691",72.6,2021
"1692",77.4,2021
"1693",70.1,2021
"1694",80.3,2021
"1695",81,2021
"1696",70.8,2021
"1699",81.8,2021
"1709",78.6,2021
"1713",71.2,2021
"1715",81.6,2021
"1718",77.9,2021
"1723",78.4,2021
"1726",73.3,2021
"1735",69.5,2021
"1739",74.8,2021
"1740",79.3,2021
"1744",63.7,2021
"1752",67.9,2021
"1874",80.4,2021
"1891",72,2021
"1906",81,2021
"1910",64.9,2021
"1936",75.3,2021
"1937",80.3,2021
"1995",69.9,2021
"1996",74.9,2021
"1997",67,2021
"1998",82.1,2021
"2000",82,2021
"2004",77,2021
"2005",70.1,2021
"2006",80.3,2021
"2007",77.3,2021
"2008",71,2021
"2009",71.8,2021
"2011",71.8,2021
"2014",81.2,2021
"2018",83.7,2021
"2020",81.6,2021
"2024",83.2,2021
"2038",74,2021
"2055",75.6,2021
"2070",72.8,2021
"2071",67.6,2021
"2106",82.3,2021
"2119",67.8,2021
"2121",71.2,2021
"2258",76.6,2021
"2259",71.4,2021
"2270",82,2021
"2282",72.6,2021
"2287",82.4,2021
"2293",68.5,2021
"2329",81.1,2021
"2337",75,2021
"2340",73,2021
"2341",71.8,2021
"2342",77.2,2021
"2343",78.7,2021
"2347",80.8,2021
"2350",77.5,2021
"2351",78.3,2021
"2352",77.8,2021
"2354",84.2,2021
"2356",76.3,2021
"2357",76.9,2021
"2361",72.9,2021
"2362",80,2021
"2363",80.5,2021
"2365",82.7,2021
"2367",79.3,2021
"2379",72.7,2021
"2437",73.9,2021
"2450",75.5,2021
"2452",79.2,2021
"2456",76,2021
"2479",80.5,2021
"2485",77.8,2021
"2486",82,2021
"2488",77.3,2021
"2493",69.9,2021
"2620",84,2021
"2630",82.4,2021
"2639",75.3,2021
"2642",83.2,2021
"2680",70,2021
"2682",76.3,2021
"2684",71.2,2021
"2688",76.9,2021
"2689",68.3,2021
"2690",67,2021
"2691",77.6,2021
"2692",73.8,2021
"2697",69.6,2021
"2698",79.5,2021
"2700",60.8,2021
"2701",69.3,2021
"2735",70.9,2021
"2750",75.5,2021
"2774",68.7,2021
"2780",70.7,2021
"2788",70.8,2021
"2789",72.7,2021
"2793",70,2021
"2911",75.2,2021
"2924",74.3,2021
"2926",74.6,2021
"2933",59.6,2021
"2937",64,2021
"2940",71.6,2021
"2946",67.8,2021
"2948",70.1,2021
"2954",62.9,2021
"2968",79.2,2021
"3005",74.6,2021
"3009",48.9,2021
"3010",58,2021
"3011",73.6,2021
"3014",67.5,2021
"3015",71,2021
"3018",61.9,2021
"3019",54.4,2021
"3021",59.5,2021
"3022",47.9,2021
"3024",52.3,2021
"3026",63.3,2021
"3030",73.7,2021
"3031",66.9,2021
"3032",50.8,2021
"3033",57.2,2021
"3038",54.5,2021
"3077",70,2021
"3089",69.2,2021
"3094",68.8,2021
"3099",61.9,2021
"3100",50.1,2021
"3103",61.9,2021
"3117",66.6,2021
"3224",53.1,2021
"3226",48.7,2021
"3235",68.3,2021
"3242",75.3,2021
"3252",54,2021
"3331",47.9,2021
"3345",50.7,2021
"3348",38,2021
"3349",54.7,2021
"3350",55.9,2021
"3352",39,2021
"3353",41.7,2021
"3355",33.9,2021
"3357",33.2,2021
"3358",46.1,2021
"3360",49.2,2021
"3362",40.5,2021
"3365",32.6,2021
"3367",33.4,2021
"3368",33.6,2021
"3369",37.8,2021
"3370",42,2021
"3372",52.5,2021
"3376",43.1,2021
"3377",44.2,2021
"3379",53.5,2021
"3380",36.3,2021
"3382",37.2,2021
"3383",40.8,2021
"3386",44.5,2021
"3411",38.6,2021
"3429",40.4,2021
"3451",42.2,2021
"3551",55.8,2021
"3603",31.8,2021
"3604",34.7,2021
"3608",25.2,2021
"3681",28.1,2021
"3682",36.1,2021
"3683",41.9,2021
"3685",37.1,2021
"3686",39,2021
"3687",34.8,2021
"3692",39.5,2021
"3693",39.6,2021
"3694",36,2021
"3697",36,2021
"3698",41.9,2021
"3699",35.5,2021
"3700",46.3,2021
"3703",50.4,2021
"3708",36.1,2021
"3711",41.8,2021
"3713",38.1,2021
"3715",58.2,2021
"3718",46.6,2021
"3747",43.3,2021
"3766",46.4,2021
"3911",38.4,2021
"3914",51.2,2021
"3919",35.3,2021
"3920",17.9,2021
"3923",37.2,2021
"3935",42,2021
"3942",35.2,2021
"3949",28,2021
"4006",35.4,2021
"4016",53.3,2021
